图像ID,色彩协调性,构图新颖性,主题清晰度,感知技术复杂度,整体美学偏好,风格标签
IMG_0001,2.67,3.00,1.67,5.00,3.33,分形
IMG_0002,3.00,2.67,3.33,2.67,2.33,光流
IMG_0003,3.33,3.00,4.00,3.33,3.33,体素
IMG_0004,3.00,2.00,2.67,2.00,1.33,光流
IMG_0005,5.00,1.67,2.33,2.67,4.00,体素
IMG_0006,3.67,2.67,2.67,3.00,2.67,着色器
IMG_0007,4.67,2.33,3.00,1.67,4.33,GAN 合成
IMG_0008,3.00,3.00,2.00,2.67,2.67,GAN 合成
IMG_0009,3.00,4.00,3.33,5.00,3.67,噪声场
IMG_0010,3.00,3.67,2.33,4.00,3.00,分形
IMG_0011,2.33,1.00,4.00,2.33,2.00,数据映射
IMG_0012,1.67,3.00,3.67,4.33,3.33,算法笔触
IMG_0013,2.67,4.00,2.67,4.00,3.00,故障
IMG_0014,5.00,1.67,3.00,3.00,4.00,故障
IMG_0015,4.33,2.00,4.00,1.00,4.00,数据映射
IMG_0016,4.67,3.67,4.00,3.67,4.67,着色器
IMG_0017,3.67,1.00,2.33,4.00,2.67,算法笔触
IMG_0018,3.33,2.00,3.33,3.00,3.33,体素
IMG_0019,2.33,3.33,3.33,3.00,2.67,像素拼贴
IMG_0020,2.00,4.67,4.33,4.33,3.67,分形
IMG_0021,4.00,2.00,2.33,4.33,2.67,算法笔触
IMG_0022,3.00,2.00,4.00,1.67,2.67,着色器
IMG_0023,2.67,3.00,3.00,2.33,2.33,着色器
IMG_0024,2.67,2.67,2.00,3.00,2.33,算法笔触
IMG_0025,2.67,3.00,2.00,4.00,2.33,故障
IMG_0026,4.00,1.67,3.00,1.67,3.00,程序化纹理
IMG_0027,3.33,3.67,2.00,5.00,2.67,分形
IMG_0028,3.00,4.33,4.00,3.67,5.00,GAN 合成
IMG_0029,2.67,3.33,3.33,4.33,2.67,分形
IMG_0030,3.67,3.67,3.33,4.33,4.33,故障
IMG_0031,3.00,2.33,4.00,2.00,2.33,程序化纹理
IMG_0032,3.67,4.33,3.33,5.00,4.00,故障
IMG_0033,3.00,4.00,3.33,4.67,3.67,故障
IMG_0034,3.33,1.67,2.33,2.67,2.33,像素拼贴
IMG_0035,4.00,3.00,3.00,3.67,4.67,故障
IMG_0036,2.67,2.33,2.00,4.00,2.00,算法笔触
IMG_0037,2.67,3.67,3.00,5.00,4.00,分形
IMG_0038,2.33,2.33,2.33,4.67,2.33,故障
IMG_0039,2.00,2.67,3.33,3.33,2.33,故障
IMG_0040,3.33,3.00,1.67,3.00,3.00,GAN 合成
IMG_0041,4.67,2.67,4.00,3.00,4.00,体素
IMG_0042,2.33,1.67,1.67,2.67,2.00,GAN 合成
IMG_0043,3.00,3.33,4.33,3.00,3.33,像素拼贴
IMG_0044,2.67,2.67,2.67,5.00,3.00,故障
IMG_0045,2.00,2.33,3.00,4.00,2.33,光流
IMG_0046,4.33,1.67,3.33,2.00,3.33,体素
IMG_0047,2.67,4.33,4.00,2.00,3.33,着色器
IMG_0048,5.00,2.00,2.33,2.67,4.00,分形
IMG_0049,4.33,2.00,2.33,3.00,3.67,GAN 合成
IMG_0050,3.00,1.33,2.33,3.00,2.33,光流
IMG_0051,3.33,3.00,4.00,3.67,3.67,分形
IMG_0052,2.00,3.67,4.00,3.00,3.33,算法笔触
IMG_0053,5.00,1.67,4.33,1.67,4.33,体素
IMG_0054,4.00,4.00,3.00,4.33,4.00,噪声场
IMG_0055,3.33,4.00,4.00,2.67,3.67,着色器
IMG_0056,3.00,2.00,2.67,4.00,3.00,GAN 合成
IMG_0057,2.67,3.00,2.67,2.33,2.33,着色器
IMG_0058,2.33,4.67,3.33,4.00,3.00,噪声场
IMG_0059,5.00,3.67,4.00,4.33,4.67,算法笔触
IMG_0060,2.00,3.00,1.33,5.00,2.00,分形
IMG_0061,4.67,4.33,3.67,2.33,4.33,数据映射
IMG_0062,4.33,3.33,4.33,4.00,5.00,体素
IMG_0063,3.67,3.33,4.00,2.33,4.00,像素拼贴
IMG_0064,3.00,2.67,4.33,2.67,3.33,光流
IMG_0065,4.67,3.33,4.33,4.33,4.67,故障
IMG_0066,2.67,4.67,4.00,3.67,3.33,故障
IMG_0067,2.67,3.67,4.00,3.67,3.33,噪声场
IMG_0068,3.33,3.67,3.33,3.00,3.33,着色器
IMG_0069,3.67,4.00,2.00,3.00,2.67,GAN 合成
IMG_0070,3.33,2.33,2.00,5.00,3.00,算法笔触
IMG_0071,2.67,2.67,3.33,3.00,2.00,GAN 合成
IMG_0072,3.67,3.00,4.33,3.67,4.00,算法笔触
IMG_0073,3.00,3.33,4.00,3.00,3.00,像素拼贴
IMG_0074,3.67,2.00,2.00,2.00,2.00,GAN 合成
IMG_0075,3.00,2.00,2.33,3.33,2.33,体素
IMG_0076,4.00,3.00,3.67,2.67,3.67,程序化纹理
IMG_0077,1.67,4.00,2.00,5.00,2.33,噪声场
IMG_0078,4.33,4.00,4.33,4.33,4.67,故障
IMG_0079,2.33,5.00,3.33,5.00,3.67,噪声场
IMG_0080,3.67,3.67,5.00,2.33,4.00,分形
IMG_0081,4.67,4.00,3.33,5.00,4.67,分形
IMG_0082,2.33,3.67,3.00,5.00,2.67,故障
IMG_0083,4.33,3.33,3.33,3.00,4.00,光流
IMG_0084,4.33,1.00,2.00,1.33,3.00,数据映射
IMG_0085,1.33,2.33,2.67,4.00,1.33,故障
IMG_0086,2.33,2.33,1.67,3.00,2.33,分形
IMG_0087,3.67,4.33,3.33,3.67,3.67,故障
IMG_0088,4.00,4.00,2.67,5.00,4.00,故障
IMG_0089,4.00,2.67,4.33,2.00,4.00,GAN 合成
IMG_0090,4.33,3.00,2.00,4.00,3.33,像素拼贴
IMG_0091,4.00,1.67,2.67,3.00,3.33,光流
IMG_0092,2.33,3.00,4.00,3.00,2.33,程序化纹理
IMG_0093,4.00,1.33,3.33,2.67,3.00,光流
IMG_0094,3.33,4.33,4.00,4.33,4.00,故障
IMG_0095,3.00,3.67,3.00,4.67,3.33,故障
IMG_0096,3.33,3.33,3.33,4.67,3.67,算法笔触
IMG_0097,4.33,2.33,4.33,3.33,3.67,体素
IMG_0098,3.67,3.33,3.67,3.00,2.67,着色器
IMG_0099,4.00,2.67,2.33,4.00,4.00,故障
IMG_0100,4.00,2.00,3.00,3.33,3.33,像素拼贴
IMG_0101,3.67,4.00,4.00,4.00,4.00,算法笔触
IMG_0102,4.00,2.33,3.00,3.00,4.00,体素
IMG_0103,2.33,2.33,3.33,2.33,3.00,故障
IMG_0104,3.00,4.00,5.00,2.33,3.33,数据映射
IMG_0105,2.00,2.33,2.33,3.67,2.33,故障
IMG_0106,3.67,2.00,3.00,2.67,3.00,分形
IMG_0107,3.33,3.33,2.33,5.00,3.00,故障
IMG_0108,3.00,2.67,3.00,4.33,3.67,噪声场
IMG_0109,3.33,4.00,4.33,4.00,4.33,故障
IMG_0110,3.67,2.67,3.00,3.00,4.00,故障
IMG_0111,4.00,1.33,4.00,3.00,3.67,程序化纹理
IMG_0112,5.00,2.33,3.00,2.67,4.00,体素
IMG_0113,4.00,3.33,4.67,3.00,4.33,像素拼贴
IMG_0114,4.33,3.00,4.33,3.67,4.67,算法笔触
IMG_0115,2.67,3.33,1.67,5.00,3.00,噪声场
IMG_0116,3.33,3.00,2.67,1.67,2.33,像素拼贴
IMG_0117,3.00,3.33,3.33,4.33,3.33,算法笔触
IMG_0118,5.00,5.00,4.67,3.00,5.00,故障
IMG_0119,3.33,1.67,2.33,4.00,3.00,GAN 合成
IMG_0120,2.67,3.33,2.67,4.33,3.00,算法笔触
IMG_0121,4.67,2.67,4.00,3.33,4.33,体素
IMG_0122,3.00,2.33,3.67,2.33,2.33,程序化纹理
IMG_0123,4.00,4.00,4.00,4.00,4.00,算法笔触
IMG_0124,3.00,4.67,4.33,4.00,4.33,噪声场
IMG_0125,1.67,3.33,2.33,4.33,2.67,故障
IMG_0126,3.00,4.33,3.00,5.00,3.33,噪声场
IMG_0127,1.67,3.67,4.00,2.33,2.00,光流
IMG_0128,2.67,2.67,1.00,4.67,2.33,分形
IMG_0129,4.00,2.00,3.33,2.33,3.00,GAN 合成
IMG_0130,4.33,3.00,2.33,3.67,4.00,像素拼贴
IMG_0131,2.00,5.00,4.67,4.00,3.33,故障
IMG_0132,2.67,1.67,2.00,4.00,2.00,故障
IMG_0133,3.33,3.00,2.00,2.67,2.67,故障
IMG_0134,3.00,2.33,3.00,3.67,2.67,故障
IMG_0135,2.67,4.67,3.00,4.67,3.67,故障
IMG_0136,2.67,3.33,4.00,4.33,3.33,故障
IMG_0137,2.67,1.33,3.00,2.33,2.00,数据映射
IMG_0138,1.67,2.67,2.67,4.33,2.33,故障
IMG_0139,4.00,2.67,3.00,5.00,3.67,噪声场
IMG_0140,2.67,2.33,2.00,5.00,3.00,算法笔触
IMG_0141,4.67,1.00,2.67,2.00,4.00,体素
IMG_0142,4.33,3.33,2.00,3.00,3.67,GAN 合成
IMG_0143,2.33,2.33,4.00,4.00,2.33,光流
IMG_0144,4.00,2.33,3.00,4.00,3.67,故障
IMG_0145,2.67,2.67,3.33,2.67,3.00,体素
IMG_0146,4.33,3.33,3.67,4.00,4.33,故障
IMG_0147,3.67,3.00,2.00,2.67,2.67,像素拼贴
IMG_0148,4.00,3.33,4.33,3.33,4.00,像素拼贴
IMG_0149,2.33,2.67,3.33,2.33,2.00,GAN 合成
IMG_0150,3.00,2.67,4.67,4.00,3.67,体素
IMG_0151,3.33,2.67,2.33,4.67,3.33,分形
IMG_0152,2.00,4.67,4.67,4.67,4.33,噪声场
IMG_0153,2.00,3.33,3.67,5.00,3.00,故障
IMG_0154,4.00,4.00,4.00,4.67,4.33,故障
IMG_0155,4.33,2.33,1.67,2.67,3.67,像素拼贴
IMG_0156,2.33,4.00,3.67,4.67,3.00,噪声场
IMG_0157,2.33,4.00,3.67,4.00,4.00,噪声场
IMG_0158,4.00,2.33,1.67,3.33,3.33,体素
IMG_0159,1.67,2.33,2.67,4.00,1.67,故障
IMG_0160,1.67,4.00,2.33,5.00,2.67,噪声场
IMG_0161,2.33,3.33,3.00,5.00,3.00,算法笔触
IMG_0162,4.67,3.33,4.67,3.00,5.00,体素
IMG_0163,3.00,2.33,2.33,4.67,3.67,分形
IMG_0164,3.00,3.67,3.00,5.00,4.33,算法笔触
IMG_0165,2.33,4.00,2.67,4.67,3.00,噪声场
IMG_0166,3.67,3.33,4.00,4.00,4.67,噪声场
IMG_0167,5.00,2.00,3.00,2.67,3.33,数据映射
IMG_0168,3.33,2.33,3.00,4.00,3.00,算法笔触
IMG_0169,5.00,3.33,3.67,4.00,5.00,分形
IMG_0170,3.00,1.67,2.00,1.67,1.33,程序化纹理
IMG_0171,2.67,3.33,3.00,5.00,3.00,噪声场
IMG_0172,3.33,2.00,2.67,3.00,3.00,GAN 合成
IMG_0173,5.00,4.00,4.00,4.33,5.00,分形
IMG_0174,2.67,2.00,3.00,2.00,2.00,程序化纹理
IMG_0175,4.67,2.33,4.00,2.33,5.00,体素
IMG_0176,2.00,3.33,3.00,4.67,2.67,算法笔触
IMG_0177,4.33,3.00,3.67,2.33,4.00,体素
IMG_0178,3.00,1.33,2.33,3.33,2.67,光流
IMG_0179,3.67,1.33,3.33,2.67,2.33,数据映射
IMG_0180,3.00,3.00,3.33,4.00,3.33,分形
IMG_0181,3.33,3.33,3.33,5.00,4.33,故障
IMG_0182,3.33,1.67,2.00,3.00,3.33,GAN 合成
IMG_0183,2.33,3.67,3.33,3.67,3.00,算法笔触
IMG_0184,2.00,1.33,1.00,4.00,1.67,算法笔触
IMG_0185,2.33,3.00,4.00,4.67,2.67,故障
IMG_0186,3.67,2.00,2.33,3.67,3.00,程序化纹理
IMG_0187,2.67,4.00,2.00,3.33,3.00,着色器
IMG_0188,2.00,4.67,2.00,4.67,2.33,分形
IMG_0189,4.33,3.67,2.67,4.00,4.00,噪声场
IMG_0190,3.33,2.33,3.00,3.67,3.00,算法笔触
IMG_0191,5.00,2.33,3.67,3.67,4.67,算法笔触
IMG_0192,4.00,1.33,2.67,3.00,3.00,分形
IMG_0193,4.00,1.00,2.33,2.67,2.67,体素
IMG_0194,2.00,3.67,3.33,4.67,3.00,分形
IMG_0195,3.00,2.33,3.00,3.67,3.33,体素
IMG_0196,3.33,1.67,2.00,4.33,3.33,分形
IMG_0197,2.67,3.33,3.00,4.33,3.00,噪声场
IMG_0198,4.67,3.00,4.33,4.33,5.00,算法笔触
IMG_0199,5.00,2.00,3.33,3.33,4.67,体素
IMG_0200,3.33,4.00,5.00,3.33,4.33,分形
IMG_0201,2.33,4.00,3.00,4.67,4.33,故障
IMG_0202,5.00,3.00,2.67,3.33,3.33,像素拼贴
IMG_0203,2.67,3.00,2.33,4.33,3.00,故障
IMG_0204,4.33,2.33,2.00,4.67,3.33,算法笔触
IMG_0205,2.33,4.00,3.67,4.67,3.33,噪声场
IMG_0206,1.67,4.33,3.00,4.33,3.00,噪声场
IMG_0207,2.67,3.33,3.67,5.00,3.67,故障
IMG_0208,4.33,1.67,3.33,3.00,4.00,光流
IMG_0209,3.67,5.00,5.00,3.67,4.67,故障
IMG_0210,4.00,2.00,3.00,1.67,3.33,数据映射
IMG_0211,3.00,2.67,2.00,1.33,2.67,数据映射
IMG_0212,4.00,3.33,4.67,4.00,4.33,算法笔触
IMG_0213,4.00,3.67,3.00,2.33,3.00,程序化纹理
IMG_0214,4.00,1.00,2.00,2.00,1.67,光流
IMG_0215,5.00,3.67,4.00,2.33,5.00,体素
IMG_0216,2.33,4.33,4.00,4.00,3.67,光流
IMG_0217,2.67,3.33,4.33,3.00,3.00,着色器
IMG_0218,2.67,3.00,3.33,4.00,3.33,故障
IMG_0219,2.00,4.33,3.00,4.33,3.33,故障
IMG_0220,5.00,2.00,3.00,2.00,4.67,分形
IMG_0221,2.67,2.33,1.33,4.67,2.67,分形
IMG_0222,2.00,4.67,4.00,4.67,3.33,噪声场
IMG_0223,3.00,2.33,2.00,3.67,2.33,分形
IMG_0224,2.00,3.67,1.67,4.33,2.33,分形
IMG_0225,2.67,3.33,2.67,3.67,2.33,故障
IMG_0226,5.00,4.00,4.33,4.33,4.67,噪声场
IMG_0227,4.33,3.00,2.33,4.00,3.67,分形
IMG_0228,1.67,5.00,4.33,4.33,3.33,故障
IMG_0229,3.33,3.33,4.33,3.00,3.67,着色器
IMG_0230,3.33,3.33,2.67,4.67,4.00,故障
IMG_0231,4.00,2.00,3.33,2.00,3.33,程序化纹理
IMG_0232,2.67,2.33,2.33,4.33,2.67,算法笔触
IMG_0233,4.67,1.67,3.00,2.67,3.67,像素拼贴
IMG_0234,4.00,1.33,2.67,2.67,3.33,光流
IMG_0235,3.00,2.33,4.00,2.33,3.67,分形
IMG_0236,3.67,1.33,3.67,2.67,3.33,分形
IMG_0237,3.00,2.00,3.00,4.33,3.00,故障
IMG_0238,2.33,4.33,4.00,4.67,4.00,分形
IMG_0239,3.67,1.00,2.67,2.00,2.67,GAN 合成
IMG_0240,4.33,3.00,5.00,3.67,5.00,体素
IMG_0241,2.00,3.00,3.67,3.67,3.00,噪声场
IMG_0242,2.00,4.00,3.67,4.00,3.67,分形
IMG_0243,3.00,1.33,2.67,2.67,2.00,GAN 合成
IMG_0244,2.00,3.00,3.67,4.00,2.33,算法笔触
IMG_0245,2.67,4.33,3.67,4.00,3.00,噪声场
IMG_0246,4.33,3.00,5.00,3.00,4.67,数据映射
IMG_0247,3.00,3.67,2.33,4.00,2.67,噪声场
IMG_0248,2.67,1.00,2.33,2.67,1.67,程序化纹理
IMG_0249,5.00,2.67,3.33,3.33,4.67,体素
IMG_0250,3.33,3.00,3.67,1.33,3.33,着色器
IMG_0251,3.00,4.00,2.33,5.00,3.00,噪声场
IMG_0252,3.00,2.33,4.67,2.33,2.33,程序化纹理
IMG_0253,3.33,4.00,4.67,3.33,3.67,像素拼贴
IMG_0254,2.67,5.00,4.67,4.00,4.33,噪声场
IMG_0255,3.67,2.33,3.00,3.67,3.67,噪声场
IMG_0256,3.00,4.00,5.00,2.00,3.33,体素
IMG_0257,2.33,3.33,4.67,2.33,3.67,着色器
IMG_0258,4.00,2.00,3.00,3.67,3.67,分形
IMG_0259,2.67,3.67,2.67,5.00,2.67,故障
IMG_0260,3.33,3.33,4.00,2.33,3.67,像素拼贴
IMG_0261,2.67,3.67,2.00,5.00,3.00,故障
IMG_0262,2.67,1.67,3.67,1.67,2.00,数据映射
IMG_0263,3.67,2.00,4.00,2.67,3.67,程序化纹理
IMG_0264,3.00,4.67,4.00,4.00,3.67,故障
IMG_0265,2.67,2.33,2.67,3.00,2.67,程序化纹理
IMG_0266,3.00,3.00,2.67,4.67,2.67,算法笔触
IMG_0267,4.00,2.00,3.33,2.33,3.00,程序化纹理
IMG_0268,4.67,1.33,1.33,3.00,2.67,GAN 合成
IMG_0269,3.33,3.67,3.67,2.67,3.33,GAN 合成
IMG_0270,3.33,3.67,1.33,5.00,3.67,噪声场
IMG_0271,3.00,3.33,4.33,4.33,3.67,噪声场
IMG_0272,4.00,4.67,3.33,5.00,4.67,故障
IMG_0273,3.67,2.67,4.67,2.00,4.00,体素
IMG_0274,3.00,3.00,2.33,2.67,2.00,程序化纹理
IMG_0275,3.00,3.67,1.67,3.67,3.00,故障
IMG_0276,5.00,2.33,4.00,3.33,4.67,分形
IMG_0277,4.67,1.00,3.33,2.00,3.33,体素
IMG_0278,4.00,2.67,2.67,3.67,3.67,故障
IMG_0279,3.00,3.00,2.67,5.00,3.33,分形
IMG_0280,4.00,4.67,3.67,4.67,4.67,噪声场
IMG_0281,3.00,3.00,3.00,2.33,2.00,光流
IMG_0282,3.33,4.00,5.00,2.00,4.00,程序化纹理
IMG_0283,2.33,2.33,2.00,4.00,1.67,算法笔触
IMG_0284,5.00,1.67,3.33,2.67,4.00,算法笔触
IMG_0285,2.33,4.33,4.33,4.33,3.33,噪声场
IMG_0286,4.67,2.33,3.67,4.00,4.00,体素
IMG_0287,3.67,4.00,3.33,4.00,4.33,故障
IMG_0288,2.00,4.33,4.00,3.67,3.00,噪声场
IMG_0289,3.33,2.00,2.00,2.33,2.33,像素拼贴
IMG_0290,4.00,3.00,3.67,3.00,3.67,程序化纹理
IMG_0291,3.67,1.67,4.33,3.67,3.00,体素
IMG_0292,4.33,2.00,3.33,3.33,4.00,分形
IMG_0293,2.33,2.67,1.33,4.00,1.67,算法笔触
IMG_0294,3.00,5.00,3.67,4.67,4.00,噪声场
IMG_0295,2.67,4.00,4.67,2.67,4.00,体素
IMG_0296,3.33,3.67,2.00,4.33,4.00,GAN 合成
IMG_0297,2.00,4.33,3.67,5.00,3.67,故障
IMG_0298,1.67,3.33,2.67,3.00,2.00,光流
IMG_0299,4.33,3.00,2.33,3.00,3.33,数据映射
IMG_0300,2.00,4.33,3.00,3.00,1.67,光流
IMG_0301,3.00,2.33,3.67,2.67,3.00,数据映射
IMG_0302,2.67,4.67,4.33,4.33,3.67,噪声场
IMG_0303,5.00,2.33,4.33,3.00,4.67,分形
IMG_0304,2.67,2.00,3.00,4.00,2.00,算法笔触
IMG_0305,4.33,2.33,4.00,3.00,5.00,分形
IMG_0306,2.00,3.67,3.33,4.67,3.33,噪声场
IMG_0307,3.67,3.00,3.00,4.00,4.00,像素拼贴
IMG_0308,4.00,4.00,3.00,2.33,4.00,着色器
IMG_0309,2.67,4.00,4.33,4.33,3.00,噪声场
IMG_0310,2.00,3.33,2.33,4.00,2.67,故障
IMG_0311,3.00,3.67,5.00,4.00,4.33,噪声场
IMG_0312,3.67,1.67,3.33,3.33,3.00,分形
IMG_0313,4.33,4.00,3.67,3.67,5.00,像素拼贴
IMG_0314,2.33,2.33,4.00,3.00,2.33,程序化纹理
IMG_0315,3.00,2.00,4.00,3.33,3.67,光流
IMG_0316,4.33,2.00,3.67,3.67,4.00,分形
IMG_0317,3.67,3.33,4.00,3.00,4.33,光流
IMG_0318,4.00,3.00,2.67,4.00,3.67,故障
IMG_0319,2.33,4.00,3.00,4.33,2.33,着色器
IMG_0320,4.33,4.00,4.33,3.33,4.67,体素
IMG_0321,4.00,2.67,4.33,2.00,4.00,数据映射
IMG_0322,3.00,3.67,3.00,2.33,3.00,数据映射
IMG_0323,4.33,2.33,2.67,4.00,4.00,算法笔触
IMG_0324,2.67,2.67,3.33,3.00,3.33,分形
IMG_0325,2.67,3.00,4.00,4.00,3.33,算法笔触
IMG_0326,2.67,3.00,2.00,2.67,1.33,数据映射
IMG_0327,3.00,2.00,4.00,3.00,3.33,体素
IMG_0328,3.33,3.67,4.00,3.33,3.67,体素
IMG_0329,4.33,2.67,2.67,3.67,3.67,光流
IMG_0330,2.00,4.67,3.00,4.67,3.00,故障
IMG_0331,4.00,1.67,4.00,2.33,2.67,体素
IMG_0332,4.67,4.00,4.67,4.00,5.00,算法笔触
IMG_0333,3.00,4.00,4.33,3.67,3.67,故障
IMG_0334,5.00,1.67,3.67,3.00,4.00,像素拼贴
IMG_0335,2.00,4.33,4.33,4.67,3.33,故障
IMG_0336,2.67,2.00,4.00,3.33,2.33,体素
IMG_0337,2.67,2.33,2.67,4.00,2.33,故障
IMG_0338,3.00,4.00,4.33,3.67,3.00,程序化纹理
IMG_0339,3.67,4.33,4.00,3.67,4.67,体素
IMG_0340,2.67,1.67,2.00,3.33,1.33,程序化纹理
IMG_0341,3.67,2.67,3.33,3.00,2.67,故障
IMG_0342,2.67,2.67,2.67,3.67,2.33,程序化纹理
IMG_0343,2.67,4.33,4.33,3.00,3.00,故障
IMG_0344,2.33,5.00,5.00,4.00,3.67,噪声场
IMG_0345,3.33,2.67,4.67,2.33,4.00,体素
IMG_0346,5.00,1.00,2.67,1.67,3.00,体素
IMG_0347,4.00,2.67,3.33,3.67,3.67,像素拼贴
IMG_0348,3.00,4.33,2.67,4.67,3.33,故障
IMG_0349,2.00,3.33,3.33,4.00,3.00,噪声场
IMG_0350,2.67,3.67,3.00,3.67,2.67,像素拼贴
IMG_0351,2.00,4.33,2.67,4.67,3.00,噪声场
IMG_0352,3.00,1.33,1.67,4.00,3.00,分形
IMG_0353,3.67,3.00,4.00,2.33,3.67,GAN 合成
IMG_0354,4.00,4.00,5.00,3.67,4.67,像素拼贴
IMG_0355,3.67,2.00,2.67,2.00,2.33,数据映射
IMG_0356,3.00,4.67,2.67,4.33,3.67,噪声场
IMG_0357,5.00,1.33,4.00,1.67,3.67,光流
IMG_0358,2.00,3.33,4.00,4.33,3.00,故障
IMG_0359,2.00,3.33,2.33,4.33,2.67,噪声场
IMG_0360,2.33,3.67,3.33,3.67,2.33,体素
IMG_0361,2.00,3.00,4.33,5.00,3.33,算法笔触
IMG_0362,3.67,4.67,5.00,4.67,4.67,噪声场
IMG_0363,3.33,1.00,2.00,3.33,2.33,算法笔触
IMG_0364,4.33,1.67,2.33,2.33,4.00,GAN 合成
IMG_0365,3.33,1.67,3.33,2.00,3.00,程序化纹理
IMG_0366,2.67,4.00,3.33,4.33,2.67,噪声场
IMG_0367,3.00,3.33,3.00,4.33,3.00,噪声场
IMG_0368,3.67,1.33,4.33,3.00,3.00,体素
IMG_0369,2.67,2.33,2.33,3.33,2.00,故障
IMG_0370,4.00,3.67,4.00,3.33,3.67,GAN 合成
IMG_0371,5.00,2.33,3.67,3.33,4.67,像素拼贴
IMG_0372,3.33,3.33,2.33,2.33,2.00,着色器
IMG_0373,4.67,1.67,3.33,3.33,4.00,像素拼贴
IMG_0374,3.33,1.33,3.33,2.00,2.67,体素
IMG_0375,3.67,3.33,4.00,4.33,4.33,故障
IMG_0376,3.67,3.00,4.33,3.67,4.33,算法笔触
IMG_0377,4.00,1.00,3.33,2.00,3.33,程序化纹理
IMG_0378,4.00,4.00,5.00,3.33,5.00,数据映射
IMG_0379,4.33,2.67,4.33,2.67,4.33,体素
IMG_0380,3.33,3.67,3.33,4.00,4.33,故障
IMG_0381,3.33,2.00,3.33,2.33,2.67,程序化纹理
IMG_0382,3.33,3.00,3.67,3.67,3.67,光流
IMG_0383,2.67,1.33,2.33,3.67,2.33,体素
IMG_0384,3.33,4.00,1.67,4.33,3.67,故障
IMG_0385,3.33,2.00,2.33,2.00,1.67,GAN 合成
IMG_0386,3.67,3.00,2.67,2.67,3.00,GAN 合成
IMG_0387,5.00,3.00,3.33,3.33,4.33,体素
IMG_0388,4.33,2.00,3.33,1.67,2.67,GAN 合成
IMG_0389,2.33,4.00,4.00,4.33,3.67,噪声场
IMG_0390,4.67,2.00,3.00,4.00,3.67,故障
IMG_0391,1.67,2.67,3.33,4.00,2.00,噪声场
IMG_0392,4.00,4.00,4.00,4.00,3.67,噪声场
IMG_0393,2.33,2.67,3.33,2.00,2.00,光流
IMG_0394,2.33,3.67,3.33,4.00,3.33,故障
IMG_0395,2.33,1.67,2.00,4.00,1.67,GAN 合成
IMG_0396,2.33,3.00,3.67,2.67,2.67,着色器
IMG_0397,5.00,2.67,1.67,3.00,4.33,分形
IMG_0398,3.33,2.00,3.33,2.33,2.33,GAN 合成
IMG_0399,2.00,3.33,4.67,4.00,3.67,算法笔触
IMG_0400,2.67,2.33,3.67,3.33,3.33,故障
IMG_0401,4.67,3.33,4.00,3.67,5.00,分形
IMG_0402,4.67,3.33,2.67,3.67,4.00,像素拼贴
IMG_0403,3.00,2.33,4.33,3.33,3.33,分形
IMG_0404,4.00,3.33,4.00,3.67,4.33,体素
IMG_0405,4.33,2.67,4.33,2.00,4.00,像素拼贴
IMG_0406,2.00,2.67,2.33,2.00,1.33,程序化纹理
IMG_0407,2.33,3.00,2.00,4.67,3.33,故障
IMG_0408,2.33,3.33,3.33,4.00,3.00,噪声场
IMG_0409,4.33,2.67,3.67,3.00,4.00,分形
IMG_0410,2.33,4.67,2.67,4.67,3.67,噪声场
IMG_0411,3.33,2.67,4.00,4.67,4.00,算法笔触
IMG_0412,2.00,3.00,2.33,3.67,2.67,分形
IMG_0413,4.67,3.00,4.33,4.33,5.00,算法笔触
IMG_0414,3.00,1.33,2.67,2.00,1.67,GAN 合成
IMG_0415,2.33,4.67,3.67,3.00,3.00,着色器
IMG_0416,3.67,2.67,2.00,2.67,3.67,像素拼贴
IMG_0417,1.67,2.33,2.33,4.33,2.33,噪声场
IMG_0418,3.33,2.00,2.00,2.00,1.67,体素
IMG_0419,4.67,3.67,4.00,3.00,5.00,像素拼贴
IMG_0420,2.67,2.67,2.33,4.00,3.33,故障
IMG_0421,5.00,3.33,4.67,3.00,5.00,体素
IMG_0422,4.00,3.67,4.33,3.00,4.67,算法笔触
IMG_0423,2.67,2.67,3.33,4.00,2.67,体素
IMG_0424,3.00,3.00,1.67,3.33,2.67,分形
IMG_0425,3.00,3.00,3.33,3.67,3.33,故障
IMG_0426,2.33,4.33,3.67,4.33,4.00,噪声场
IMG_0427,3.00,3.00,3.00,2.00,2.67,着色器
IMG_0428,3.00,3.33,3.33,4.67,3.67,算法笔触
IMG_0429,4.00,3.00,4.33,3.00,4.67,体素
IMG_0430,2.33,2.00,2.67,3.33,2.33,GAN 合成
IMG_0431,3.33,2.67,2.67,4.00,3.33,粒子
IMG_0432,2.67,3.00,4.33,3.33,3.67,数据映射
IMG_0433,4.00,2.33,1.00,1.67,2.33,GAN 合成
IMG_0434,2.00,3.67,2.67,4.00,2.67,故障
IMG_0435,3.00,2.00,2.33,3.33,2.67,分形
IMG_0436,2.00,3.00,3.00,4.33,3.00,故障
IMG_0437,3.00,3.67,3.67,2.67,2.67,光流
IMG_0438,3.33,1.67,2.00,2.33,2.67,体素
IMG_0439,3.00,2.00,4.33,2.33,2.33,程序化纹理
IMG_0440,2.67,4.33,5.00,3.67,4.67,噪声场
IMG_0441,4.67,2.33,2.33,2.67,4.33,体素
IMG_0442,3.67,3.33,4.67,3.33,3.67,程序化纹理
IMG_0443,3.33,2.67,3.33,3.33,4.00,分形
IMG_0444,2.67,4.33,3.67,1.67,2.67,数据映射
IMG_0445,5.00,1.00,4.67,1.67,4.33,光流
IMG_0446,4.00,2.33,3.67,3.67,4.00,噪声场
IMG_0447,3.67,3.67,4.00,3.67,4.33,故障
IMG_0448,3.33,3.67,4.00,2.33,3.67,着色器
IMG_0449,5.00,2.00,4.00,2.33,4.00,数据映射
IMG_0450,3.67,4.67,2.33,3.33,4.00,故障
IMG_0451,2.33,4.00,4.00,3.33,3.00,噪声场
IMG_0452,4.67,2.33,4.33,3.00,4.67,体素
IMG_0453,3.33,1.00,1.67,2.67,1.67,程序化纹理
IMG_0454,3.67,2.67,2.33,4.67,3.33,故障
IMG_0455,2.00,2.67,2.00,4.67,2.00,分形
IMG_0456,5.00,2.67,3.67,3.33,4.67,体素
IMG_0457,5.00,3.00,3.67,3.33,5.00,分形
IMG_0458,3.67,4.33,3.00,4.33,3.67,故障
IMG_0459,3.33,4.00,2.33,4.67,3.00,故障
IMG_0460,4.00,2.67,3.33,3.67,4.33,故障
IMG_0461,4.67,1.33,2.67,1.67,3.67,GAN 合成
IMG_0462,4.00,2.33,3.67,2.33,3.33,程序化纹理
IMG_0463,4.33,3.67,4.33,4.00,5.00,分形
IMG_0464,3.00,3.67,4.00,2.67,3.67,像素拼贴
IMG_0465,4.00,3.00,3.00,2.33,3.00,像素拼贴
IMG_0466,2.67,3.00,2.67,4.67,3.00,故障
IMG_0467,2.67,3.00,2.33,3.67,1.67,程序化纹理
IMG_0468,4.67,3.00,4.00,2.00,4.00,体素
IMG_0469,2.00,2.67,3.33,4.33,2.67,故障
IMG_0470,4.00,2.67,4.00,4.33,3.67,算法笔触
IMG_0471,2.67,2.33,4.33,3.00,3.00,体素
IMG_0472,3.00,4.00,3.00,5.00,3.00,噪声场
IMG_0473,3.67,2.33,3.00,1.67,2.67,数据映射
IMG_0474,4.33,2.33,3.00,3.33,3.67,故障
IMG_0475,5.00,2.67,3.33,2.67,4.33,像素拼贴
IMG_0476,3.33,2.67,2.33,3.67,3.33,分形
IMG_0477,3.33,2.67,4.33,2.33,3.33,程序化纹理
IMG_0478,4.33,4.00,4.33,4.67,4.33,算法笔触
IMG_0479,2.67,3.33,4.67,3.00,3.67,程序化纹理
IMG_0480,3.67,3.33,4.67,2.00,4.67,体素
IMG_0481,4.33,2.33,4.00,2.67,4.33,体素
IMG_0482,2.67,3.00,2.00,3.00,1.33,分形
IMG_0483,4.33,3.33,3.67,4.00,5.00,噪声场
IMG_0484,4.33,2.33,4.00,4.33,4.33,体素
IMG_0485,4.67,3.00,4.33,3.00,4.33,分形
IMG_0486,4.33,1.67,1.33,2.67,2.67,分形
IMG_0487,4.00,1.00,2.67,4.33,2.00,GAN 合成
IMG_0488,3.00,4.67,3.67,4.00,3.67,体素
IMG_0489,3.00,2.67,3.67,3.67,3.33,体素
IMG_0490,2.67,3.00,2.67,3.33,1.67,着色器
IMG_0491,3.33,3.00,3.67,4.67,5.00,故障
IMG_0492,3.67,1.33,3.33,1.67,3.33,GAN 合成
IMG_0493,2.67,2.67,2.33,3.00,1.67,着色器
IMG_0494,2.00,4.33,3.00,4.00,2.67,着色器
IMG_0495,2.33,2.33,3.67,3.00,3.33,光流
IMG_0496,2.00,4.33,2.67,5.00,2.33,算法笔触
IMG_0497,4.67,2.67,3.00,4.33,4.67,算法笔触
IMG_0498,3.33,3.00,3.67,3.67,3.67,光流
IMG_0499,3.33,2.33,1.00,3.67,2.00,分形
IMG_0500,3.33,3.00,4.67,2.00,3.67,像素拼贴
IMG_0501,2.67,2.33,2.67,4.33,3.00,故障
IMG_0502,3.33,3.67,2.33,2.67,2.67,着色器
IMG_0503,5.00,1.67,2.33,1.67,3.00,体素
IMG_0504,2.67,2.00,2.00,2.00,1.33,数据映射
IMG_0505,3.33,4.00,5.00,3.67,4.67,噪声场
IMG_0506,3.00,2.33,3.33,3.00,3.67,光流
IMG_0507,2.33,4.67,2.33,4.33,3.00,噪声场
IMG_0508,3.67,3.33,4.33,3.00,4.00,像素拼贴
IMG_0509,1.67,3.33,2.67,4.33,3.00,故障
IMG_0510,3.67,3.33,2.33,4.67,3.67,分形
IMG_0511,4.00,3.00,3.00,3.33,4.00,体素
IMG_0512,3.33,3.33,3.33,4.00,4.33,分形
IMG_0513,4.67,2.67,3.33,4.00,4.33,分形
IMG_0514,2.00,2.67,2.67,4.00,1.33,算法笔触
IMG_0515,3.67,2.67,2.00,4.33,3.67,噪声场
IMG_0516,5.00,2.33,3.33,3.67,4.67,算法笔触
IMG_0517,3.33,2.67,2.67,4.00,3.00,算法笔触
IMG_0518,2.67,1.67,3.00,4.00,3.33,分形
IMG_0519,2.67,2.33,2.67,5.00,2.33,算法笔触
IMG_0520,4.67,2.00,2.67,1.33,3.67,数据映射
IMG_0521,2.00,3.67,4.00,4.33,2.67,故障
IMG_0522,2.00,2.33,3.00,3.67,2.00,光流
IMG_0523,5.00,3.33,4.67,2.00,5.00,体素
IMG_0524,3.33,1.67,1.67,4.00,2.67,分形
IMG_0525,5.00,4.00,2.00,4.33,4.00,故障
IMG_0526,3.00,3.00,3.67,2.33,3.33,体素
IMG_0527,4.67,3.33,3.33,4.00,4.33,故障
IMG_0528,4.00,2.00,3.00,2.67,3.00,像素拼贴
IMG_0529,3.33,2.67,2.00,4.67,2.67,分形
IMG_0530,4.67,3.33,2.67,3.67,4.00,算法笔触
IMG_0531,4.33,3.67,3.00,4.33,4.33,故障
IMG_0532,3.33,2.67,2.33,3.67,2.67,分形
IMG_0533,1.67,3.33,2.33,4.00,1.67,故障
IMG_0534,4.33,2.67,4.33,4.00,4.33,算法笔触
IMG_0535,5.00,3.00,3.67,3.33,5.00,体素
IMG_0536,4.33,2.00,3.67,2.67,4.00,体素
IMG_0537,3.67,4.67,4.33,2.67,3.00,程序化纹理
IMG_0538,4.33,2.67,2.33,2.67,3.33,着色器
IMG_0539,5.00,1.33,2.00,1.33,3.33,数据映射
IMG_0540,3.67,2.33,3.67,3.00,3.67,故障
IMG_0541,3.00,4.33,4.33,4.00,4.33,故障
IMG_0542,2.67,3.00,3.33,2.33,2.33,着色器
IMG_0543,4.67,2.33,3.33,2.00,4.00,像素拼贴
IMG_0544,3.00,1.33,2.33,4.33,2.67,分形
IMG_0545,2.00,1.67,2.67,3.33,2.00,分形
IMG_0546,3.00,3.67,3.33,3.00,2.33,像素拼贴
IMG_0547,3.00,2.33,4.33,3.67,3.67,体素
IMG_0548,3.67,2.33,2.67,2.00,2.67,程序化纹理
IMG_0549,2.00,3.67,3.67,4.00,2.33,体素
IMG_0550,3.00,4.33,3.00,2.67,3.00,着色器
IMG_0551,3.00,2.67,4.00,4.00,3.33,故障
IMG_0552,3.33,3.00,1.00,4.00,3.00,GAN 合成
IMG_0553,2.00,2.67,4.33,3.00,2.33,光流
IMG_0554,2.00,4.00,3.00,5.00,3.00,噪声场
IMG_0555,4.33,2.67,3.67,3.00,3.67,数据映射
IMG_0556,2.33,3.33,3.33,4.67,2.67,算法笔触
IMG_0557,5.00,1.33,3.67,3.67,4.00,体素
IMG_0558,3.00,2.67,3.00,3.33,2.67,噪声场
IMG_0559,3.67,3.33,4.33,3.67,4.67,故障
IMG_0560,2.33,3.67,2.00,5.00,3.00,噪声场
IMG_0561,2.33,2.33,2.67,2.33,2.00,光流
IMG_0562,3.00,3.67,3.00,4.33,3.00,算法笔触
IMG_0563,2.67,3.00,2.67,5.00,2.33,故障
IMG_0564,2.33,3.00,2.67,3.00,2.67,故障
IMG_0565,2.33,1.67,2.33,3.67,2.00,算法笔触
IMG_0566,4.67,2.67,2.00,4.00,3.67,故障
IMG_0567,5.00,2.67,3.33,4.67,5.00,算法笔触
IMG_0568,2.33,4.67,4.67,3.67,4.00,故障
IMG_0569,3.00,4.00,3.67,4.67,3.67,故障
IMG_0570,4.33,2.67,3.00,4.33,4.67,分形
IMG_0571,3.33,2.00,2.33,2.00,2.67,像素拼贴
IMG_0572,4.67,1.00,3.00,2.33,3.33,体素
IMG_0573,1.67,2.33,2.67,3.33,2.33,分形
IMG_0574,2.00,3.00,2.33,4.00,2.00,故障
IMG_0575,5.00,1.67,3.00,1.67,3.67,体素
IMG_0576,4.00,3.00,3.33,3.00,3.00,着色器
IMG_0577,2.67,3.67,4.00,3.33,3.33,着色器
IMG_0578,4.33,4.00,3.00,4.00,4.33,噪声场
IMG_0579,4.33,3.67,3.33,3.67,4.33,故障
IMG_0580,3.67,3.00,4.33,4.00,4.67,噪声场
IMG_0581,5.00,2.33,3.00,4.33,4.33,故障
IMG_0582,2.33,3.33,5.00,2.67,3.67,体素
IMG_0583,2.67,4.33,2.33,4.67,2.67,故障
IMG_0584,2.67,2.33,3.67,3.67,3.00,光流
IMG_0585,2.33,3.33,2.00,5.00,2.67,算法笔触
IMG_0586,3.00,2.67,1.67,4.00,2.67,分形
IMG_0587,3.67,1.33,3.33,2.00,2.33,GAN 合成
IMG_0588,4.00,2.33,4.67,1.33,3.67,体素
IMG_0589,5.00,1.67,4.00,1.67,4.33,体素
IMG_0590,4.00,3.33,3.00,3.00,3.00,程序化纹理
IMG_0591,4.67,4.33,2.33,4.33,4.33,故障
IMG_0592,4.67,3.67,4.33,3.67,5.00,分形
IMG_0593,4.00,2.67,3.00,5.00,3.33,算法笔触
IMG_0594,2.33,2.67,2.33,2.67,1.67,着色器
IMG_0595,2.67,2.67,2.33,4.00,2.33,分形
IMG_0596,2.67,3.00,1.67,4.00,2.33,GAN 合成
IMG_0597,3.33,3.33,3.67,4.33,4.00,噪声场
IMG_0598,3.00,2.67,5.00,2.00,3.33,数据映射
IMG_0599,3.33,3.00,3.00,2.67,3.00,GAN 合成
IMG_0600,2.67,3.33,2.67,3.00,2.33,着色器
IMG_0601,2.00,4.67,3.67,4.67,3.67,算法笔触
IMG_0602,3.67,3.00,2.33,4.67,3.67,故障
IMG_0603,2.67,3.67,2.00,4.67,3.33,分形
IMG_0604,3.33,3.00,2.67,3.67,3.67,故障
IMG_0605,4.67,1.00,2.67,2.00,3.00,体素
IMG_0606,2.00,4.67,3.33,5.00,4.00,噪声场
IMG_0607,2.67,4.00,3.00,5.00,3.00,噪声场
IMG_0608,4.33,4.00,3.33,4.00,4.67,故障
IMG_0609,3.33,5.00,4.33,4.00,4.00,噪声场
IMG_0610,4.67,1.00,4.00,2.67,4.33,体素
IMG_0611,3.00,2.33,2.67,3.67,2.67,光流
IMG_0612,3.67,2.67,4.33,3.00,4.33,分形
IMG_0613,4.33,2.00,3.00,2.67,3.67,分形
IMG_0614,5.00,1.67,2.00,3.00,3.67,光流
IMG_0615,2.33,5.00,4.67,4.00,3.67,故障
IMG_0616,4.00,2.33,1.00,2.67,3.33,GAN 合成
IMG_0617,2.00,3.00,2.67,4.00,1.67,算法笔触
IMG_0618,4.00,2.67,4.67,3.00,4.00,体素
IMG_0619,4.00,2.00,3.33,1.67,3.00,GAN 合成
IMG_0620,2.67,4.67,3.00,3.33,3.67,着色器
IMG_0621,3.67,2.00,4.00,3.33,4.00,像素拼贴
IMG_0622,2.00,2.33,4.00,2.33,2.67,光流
IMG_0623,5.00,1.67,3.33,3.00,5.00,体素
IMG_0624,3.33,2.00,3.00,2.00,3.33,GAN 合成
IMG_0625,2.67,2.67,3.33,3.67,3.33,体素
IMG_0626,3.00,2.00,1.33,3.00,1.67,体素
IMG_0627,3.67,3.00,4.33,3.67,3.67,像素拼贴
IMG_0628,3.00,4.67,3.33,3.67,3.33,算法笔触
IMG_0629,4.33,2.67,4.00,2.00,4.33,体素
IMG_0630,3.33,1.67,3.67,2.33,2.00,体素
IMG_0631,2.33,1.67,2.67,3.33,1.67,光流
IMG_0632,3.67,2.00,3.67,2.67,3.00,体素
IMG_0633,3.00,3.00,1.67,2.67,2.00,GAN 合成
IMG_0634,4.00,2.00,3.33,2.33,3.33,像素拼贴
IMG_0635,2.33,3.67,4.00,4.00,3.33,噪声场
IMG_0636,4.00,1.33,3.33,2.00,3.00,程序化纹理
IMG_0637,4.33,3.67,4.67,3.67,5.00,故障
IMG_0638,4.33,2.00,3.67,1.67,3.33,程序化纹理
IMG_0639,3.00,2.00,2.67,3.67,2.33,程序化纹理
IMG_0640,3.67,3.33,3.67,3.33,3.67,光流
IMG_0641,3.33,2.67,3.67,2.67,3.00,数据映射
IMG_0642,2.00,4.33,3.33,5.00,3.67,算法笔触
IMG_0643,3.33,3.00,2.33,3.67,3.00,GAN 合成
IMG_0644,2.67,2.67,3.33,2.33,2.67,数据映射
IMG_0645,4.00,2.33,2.00,2.00,2.67,GAN 合成
IMG_0646,4.00,3.00,3.67,4.00,4.33,分形
IMG_0647,4.67,2.00,3.33,3.00,4.00,像素拼贴
IMG_0648,3.33,2.67,2.67,3.33,2.67,GAN 合成
IMG_0649,2.67,4.00,4.67,2.67,3.67,数据映射
IMG_0650,4.00,3.33,5.00,2.00,4.33,程序化纹理
IMG_0651,5.00,1.33,2.33,3.00,3.00,光流
IMG_0652,5.00,3.00,3.67,3.33,5.00,噪声场
IMG_0653,3.00,2.33,1.33,4.00,2.33,GAN 合成
IMG_0654,3.00,1.67,2.67,3.33,2.33,算法笔触
IMG_0655,3.00,2.67,2.00,3.00,2.33,GAN 合成
IMG_0656,3.67,3.67,3.00,4.33,3.67,算法笔触
IMG_0657,4.33,1.00,1.67,1.67,2.33,光流
IMG_0658,3.00,2.67,3.00,2.33,2.33,程序化纹理
IMG_0659,4.33,3.67,4.00,4.00,4.67,像素拼贴
IMG_0660,2.67,4.00,4.67,2.67,3.00,体素
IMG_0661,2.33,4.33,3.67,3.67,3.33,故障
IMG_0662,3.00,1.33,2.33,2.00,2.00,着色器
IMG_0663,2.00,3.33,3.33,4.00,3.00,GAN 合成
IMG_0664,2.00,3.67,3.33,3.67,3.00,噪声场
IMG_0665,3.33,1.33,2.33,3.67,2.67,分形
IMG_0666,4.00,1.33,2.33,1.33,3.00,程序化纹理
IMG_0667,4.67,1.67,3.00,2.33,3.67,光流
IMG_0668,3.67,3.33,4.00,4.33,4.00,体素
IMG_0669,4.67,1.00,3.33,2.67,3.67,体素
IMG_0670,3.00,5.00,3.00,4.67,3.67,噪声场
IMG_0671,3.33,4.00,3.33,5.00,3.67,故障
IMG_0672,2.67,3.33,2.00,4.33,3.33,故障
IMG_0673,4.67,1.33,2.33,3.33,3.33,分形
IMG_0674,3.33,3.00,3.00,2.67,3.33,GAN 合成
IMG_0675,4.00,3.33,2.33,3.67,2.67,算法笔触
IMG_0676,4.67,2.67,2.67,3.33,4.67,故障
IMG_0677,2.67,3.67,2.67,2.67,2.00,着色器
IMG_0678,1.67,5.00,3.33,4.00,3.00,噪声场
IMG_0679,4.00,3.00,4.33,2.00,4.00,着色器
IMG_0680,2.33,3.67,3.33,4.00,2.67,像素拼贴
IMG_0681,4.67,2.67,4.33,2.00,5.00,体素
IMG_0682,3.33,1.00,1.33,2.67,2.33,GAN 合成
IMG_0683,2.00,2.67,3.67,1.33,1.67,数据映射
IMG_0684,3.00,3.67,2.00,4.67,2.67,分形
IMG_0685,3.00,3.33,3.33,3.67,3.00,像素拼贴
IMG_0686,2.00,1.33,3.00,2.67,1.67,程序化纹理
IMG_0687,4.00,2.33,3.67,3.00,3.67,像素拼贴
IMG_0688,4.00,2.00,4.33,2.00,3.00,体素
IMG_0689,5.00,2.00,3.67,2.00,4.33,体素
IMG_0690,2.67,2.67,3.67,3.33,3.00,故障
IMG_0691,4.67,3.00,3.00,1.67,4.33,GAN 合成
IMG_0692,4.33,1.00,3.67,2.00,3.67,数据映射
IMG_0693,2.33,3.33,4.00,4.67,3.00,算法笔触
IMG_0694,3.67,1.33,2.33,4.67,3.33,算法笔触
IMG_0695,3.67,4.00,4.67,4.00,5.00,噪声场
IMG_0696,3.67,1.33,2.33,2.00,2.67,像素拼贴
IMG_0697,2.00,3.67,4.00,4.00,3.00,故障
IMG_0698,2.67,3.00,4.00,3.00,3.33,光流
IMG_0699,3.33,4.33,3.33,4.33,4.33,噪声场
IMG_0700,3.67,3.00,4.00,4.00,4.67,故障
IMG_0701,3.67,1.00,1.67,3.67,3.33,故障
IMG_0702,4.33,2.33,4.67,3.67,4.00,体素
IMG_0703,3.33,3.00,3.00,3.00,3.00,光流
IMG_0704,2.33,2.33,1.67,4.67,2.00,分形
IMG_0705,2.00,3.00,3.67,3.00,1.67,着色器
IMG_0706,2.67,2.67,4.67,3.00,2.67,体素
IMG_0707,4.00,4.33,4.67,2.67,4.33,程序化纹理
IMG_0708,3.67,5.00,5.00,3.33,4.67,体素
IMG_0709,4.67,2.00,2.67,3.00,4.00,故障
IMG_0710,3.67,4.00,4.00,3.00,3.67,着色器
IMG_0711,4.00,2.00,3.33,2.33,2.67,着色器
IMG_0712,3.67,1.00,3.00,2.00,2.33,数据映射
IMG_0713,2.33,4.00,2.33,4.33,3.67,分形
IMG_0714,2.33,2.67,2.33,3.00,2.33,着色器
IMG_0715,3.33,3.00,2.67,3.00,2.00,着色器
IMG_0716,2.67,4.00,5.00,3.33,3.33,体素
IMG_0717,3.33,4.00,4.00,3.67,5.00,分形
IMG_0718,4.67,2.00,3.00,2.33,4.00,分形
IMG_0719,2.33,3.67,4.00,4.33,3.00,故障
IMG_0720,4.67,2.33,3.33,2.67,4.00,体素
IMG_0721,2.00,2.00,3.00,4.67,3.00,故障
IMG_0722,4.67,2.67,3.33,2.00,4.00,体素
IMG_0723,2.67,2.67,2.67,5.00,3.33,故障
IMG_0724,3.67,3.67,3.33,4.33,4.67,故障
IMG_0725,2.00,3.00,2.33,4.00,2.00,分形
IMG_0726,4.33,2.33,3.00,3.00,3.33,体素
IMG_0727,2.67,4.33,4.00,3.67,3.00,光流
IMG_0728,3.00,2.67,3.00,4.67,4.00,算法笔触
IMG_0729,2.67,3.33,2.67,4.00,2.33,光流
IMG_0730,2.67,1.67,2.33,2.67,1.33,GAN 合成
IMG_0731,3.33,2.00,3.67,3.67,4.00,分形
IMG_0732,2.67,2.33,2.67,4.00,3.33,故障
IMG_0733,2.33,2.67,3.00,4.67,2.00,算法笔触
IMG_0734,3.00,1.67,1.33,2.33,1.67,GAN 合成
IMG_0735,3.67,2.00,2.33,2.33,2.00,数据映射
IMG_0736,2.33,3.00,3.00,3.67,2.67,分形
IMG_0737,2.67,2.67,3.67,3.67,3.00,算法笔触
IMG_0738,2.67,3.67,3.67,5.00,3.00,故障
IMG_0739,4.67,2.00,2.00,1.67,3.33,数据映射
IMG_0740,4.33,3.00,3.67,3.33,4.67,像素拼贴
IMG_0741,2.67,2.33,4.00,2.67,3.00,程序化纹理
IMG_0742,3.67,2.00,2.67,2.67,2.67,程序化纹理
IMG_0743,2.33,2.00,3.33,2.00,2.33,GAN 合成
IMG_0744,3.67,3.67,3.33,4.00,2.67,故障
IMG_0745,2.33,3.67,4.00,3.67,3.00,光流
IMG_0746,2.67,5.00,2.67,4.33,3.33,故障
IMG_0747,3.33,3.67,2.33,4.00,3.33,故障
IMG_0748,3.00,4.00,2.67,3.00,3.00,数据映射
IMG_0749,3.00,2.00,2.67,3.67,2.67,分形
IMG_0750,3.00,3.33,3.33,4.33,4.00,粒子
IMG_0751,4.67,2.67,3.67,2.33,4.33,像素拼贴
IMG_0752,5.00,2.33,4.00,3.00,4.67,分形
IMG_0753,4.00,2.33,4.00,3.00,4.00,体素
IMG_0754,3.00,3.00,1.33,5.00,3.33,算法笔触
IMG_0755,2.33,2.67,4.67,2.33,2.33,GAN 合成
IMG_0756,4.67,1.67,3.00,2.33,4.00,程序化纹理
IMG_0757,3.00,3.33,3.33,2.33,2.33,着色器
IMG_0758,4.67,1.33,3.67,2.00,4.33,体素
IMG_0759,4.67,1.33,3.67,2.33,4.33,体素
IMG_0760,3.00,1.67,3.00,2.67,3.00,程序化纹理
IMG_0761,3.67,3.00,3.00,3.33,3.00,故障
IMG_0762,2.33,3.00,3.67,3.67,3.33,故障
IMG_0763,2.67,3.00,1.67,4.33,2.33,分形
IMG_0764,1.67,2.33,2.67,5.00,2.67,故障
IMG_0765,3.33,3.00,1.67,5.00,3.67,故障
IMG_0766,3.67,3.00,3.00,3.33,3.33,分形
IMG_0767,4.33,2.33,3.33,3.67,4.00,GAN 合成
IMG_0768,3.33,4.67,5.00,3.00,4.00,体素
IMG_0769,4.00,4.00,1.33,4.33,3.33,粒子
IMG_0770,2.67,3.00,3.67,3.33,3.67,体素
IMG_0771,2.33,3.67,4.33,4.33,3.00,算法笔触
IMG_0772,2.67,4.00,2.67,4.00,3.00,分形
IMG_0773,3.33,3.33,2.67,4.33,3.33,算法笔触
IMG_0774,3.00,2.67,3.00,3.00,2.00,着色器
IMG_0775,3.00,3.00,3.67,3.33,2.33,故障
IMG_0776,4.00,1.67,3.67,3.67,3.33,体素
IMG_0777,3.00,3.33,1.00,3.33,1.67,GAN 合成
IMG_0778,3.33,3.67,3.00,4.00,4.33,故障
IMG_0779,4.33,3.67,3.33,3.00,4.33,像素拼贴
IMG_0780,5.00,3.00,3.33,4.00,4.67,像素拼贴
IMG_0781,2.67,4.00,2.00,3.67,2.33,分形
IMG_0782,2.33,2.33,1.67,4.33,2.00,算法笔触
IMG_0783,2.00,3.33,2.00,5.00,3.00,噪声场
IMG_0784,5.00,3.00,3.67,3.67,4.33,分形
IMG_0785,2.00,4.67,3.67,5.00,4.00,故障
IMG_0786,2.00,2.00,2.33,2.67,1.00,程序化纹理
IMG_0787,1.67,3.67,3.00,5.00,2.00,噪声场
IMG_0788,4.33,2.67,4.33,2.67,4.00,体素
IMG_0789,4.33,2.33,3.00,3.00,4.00,体素
IMG_0790,3.67,3.33,2.67,4.00,4.67,分形
IMG_0791,4.00,2.67,2.67,1.67,3.00,GAN 合成
IMG_0792,2.00,3.67,3.00,4.33,2.00,算法笔触
IMG_0793,3.67,2.00,4.00,1.67,3.67,数据映射
IMG_0794,1.67,3.00,2.00,4.00,2.00,算法笔触
IMG_0795,4.33,2.67,4.67,3.00,4.00,体素
IMG_0796,4.33,1.67,3.00,2.67,4.00,分形
IMG_0797,1.67,4.33,5.00,2.33,3.00,程序化纹理
IMG_0798,2.33,4.33,4.33,2.00,3.33,体素
IMG_0799,3.33,3.00,3.33,2.67,3.00,GAN 合成
IMG_0800,5.00,4.00,2.33,4.33,4.67,粒子
IMG_0801,3.33,4.00,3.67,4.67,4.33,故障
IMG_0802,2.67,3.33,2.67,5.00,3.33,故障
IMG_0803,3.33,2.67,4.67,3.00,4.00,体素
IMG_0804,3.33,3.67,2.33,4.33,3.33,故障
IMG_0805,1.67,3.33,4.67,3.33,2.33,光流
IMG_0806,4.33,3.33,3.67,3.00,4.33,像素拼贴
IMG_0807,4.67,3.33,4.33,3.00,5.00,分形
IMG_0808,2.00,4.00,2.33,4.67,2.00,故障
IMG_0809,4.67,1.00,3.00,1.67,3.00,数据映射
IMG_0810,3.00,4.00,3.67,4.67,3.67,故障
IMG_0811,3.00,4.00,4.00,4.67,3.67,噪声场
IMG_0812,2.00,3.00,4.33,4.00,3.00,噪声场
IMG_0813,3.00,2.67,4.00,3.00,3.00,光流
IMG_0814,3.67,3.00,2.00,2.00,2.67,着色器
IMG_0815,2.33,2.33,3.00,4.67,2.67,故障
IMG_0816,3.33,1.67,1.67,4.67,2.67,故障
IMG_0817,3.33,4.33,3.67,3.67,3.67,故障
IMG_0818,4.67,2.67,4.67,2.00,4.67,光流
IMG_0819,5.00,2.67,3.33,4.00,4.67,算法笔触
IMG_0820,4.00,2.33,2.33,1.67,2.33,程序化纹理
IMG_0821,5.00,2.00,4.00,2.33,3.67,光流
IMG_0822,2.33,3.00,4.33,4.00,2.67,程序化纹理
IMG_0823,4.00,2.00,4.00,3.00,4.00,体素
IMG_0824,2.00,3.33,1.67,5.00,2.33,粒子
IMG_0825,2.67,3.00,2.67,4.33,3.00,故障
IMG_0826,3.00,1.33,2.00,2.67,1.67,程序化纹理
IMG_0827,3.33,3.67,4.00,3.00,3.33,GAN 合成
IMG_0828,4.00,3.00,1.67,2.33,2.67,像素拼贴
IMG_0829,2.67,3.33,2.33,4.67,3.33,故障
IMG_0830,3.00,2.33,3.00,3.33,3.33,GAN 合成
IMG_0831,3.67,3.33,4.67,1.67,4.00,数据映射
IMG_0832,2.67,2.67,4.67,3.00,3.33,体素
IMG_0833,2.67,2.33,4.00,2.33,2.33,体素
IMG_0834,4.00,2.33,3.00,2.00,3.33,GAN 合成
IMG_0835,2.67,3.00,5.00,2.67,3.33,光流
IMG_0836,2.67,3.00,3.00,3.67,3.00,着色器
IMG_0837,2.67,2.33,3.67,3.67,3.67,故障
IMG_0838,2.33,3.33,3.67,4.33,2.00,故障
IMG_0839,3.00,3.00,2.67,2.33,2.33,着色器
IMG_0840,2.00,2.00,2.33,4.00,2.00,算法笔触
IMG_0841,1.33,3.33,3.00,3.67,2.67,着色器
IMG_0842,2.33,1.33,1.67,4.00,1.67,算法笔触
IMG_0843,2.67,3.67,5.00,4.33,4.00,分形
IMG_0844,2.67,3.67,4.33,3.00,3.67,着色器
IMG_0845,3.00,3.00,3.00,3.33,2.67,像素拼贴
IMG_0846,2.67,4.00,3.00,3.00,1.67,着色器
IMG_0847,2.33,1.67,3.67,3.00,2.67,分形
IMG_0848,2.00,3.33,3.00,5.00,3.33,故障
IMG_0849,4.33,3.00,4.00,3.00,4.33,分形
IMG_0850,2.67,4.00,3.33,2.33,2.33,着色器
IMG_0851,2.67,3.00,1.67,4.00,3.00,故障
IMG_0852,2.00,4.33,2.00,4.67,2.67,噪声场
IMG_0853,3.00,2.67,2.33,5.00,3.00,故障
IMG_0854,4.33,3.33,3.67,3.33,4.67,故障
IMG_0855,5.00,2.00,3.67,2.33,4.00,体素
IMG_0856,2.67,4.00,3.33,4.33,2.67,噪声场
IMG_0857,3.00,2.67,3.67,2.00,3.00,GAN 合成
IMG_0858,4.00,3.00,3.33,2.33,3.33,着色器
IMG_0859,2.33,2.67,2.67,4.33,2.67,分形
IMG_0860,3.67,1.67,1.00,2.67,3.00,分形
IMG_0861,3.00,1.00,3.00,2.67,2.33,光流
IMG_0862,4.33,1.33,2.00,4.33,3.33,算法笔触
IMG_0863,3.67,3.00,2.67,4.67,3.67,粒子
IMG_0864,3.67,2.33,2.00,4.00,3.33,故障
IMG_0865,4.00,1.67,3.33,3.67,3.33,算法笔触
IMG_0866,2.67,3.33,2.00,4.33,3.00,算法笔触
IMG_0867,2.67,4.33,4.00,3.33,3.67,着色器
IMG_0868,2.00,4.00,3.00,4.67,3.00,分形
IMG_0869,3.67,3.00,3.33,4.33,3.67,噪声场
IMG_0870,3.00,4.33,2.33,3.67,2.33,故障
IMG_0871,3.33,2.00,2.00,3.33,3.00,程序化纹理
IMG_0872,4.67,2.33,3.67,3.67,4.33,体素
IMG_0873,2.67,2.33,4.00,3.00,2.67,程序化纹理
IMG_0874,1.67,3.67,2.67,4.00,2.00,光流
IMG_0875,4.67,3.67,5.00,3.00,5.00,体素
IMG_0876,2.67,3.67,3.33,4.67,4.00,噪声场
IMG_0877,3.00,2.33,1.67,2.33,2.00,像素拼贴
IMG_0878,4.33,4.00,4.33,2.00,4.33,像素拼贴
IMG_0879,4.67,2.00,3.00,3.00,3.67,像素拼贴
IMG_0880,2.00,4.33,3.33,4.67,3.00,故障
IMG_0881,2.67,2.33,2.00,2.33,1.67,故障
IMG_0882,3.67,3.67,5.00,2.67,4.33,像素拼贴
IMG_0883,3.00,3.67,4.33,4.00,3.67,故障
IMG_0884,3.00,3.67,3.67,4.67,3.67,故障
IMG_0885,3.33,3.67,1.67,3.33,3.00,GAN 合成
IMG_0886,2.67,4.33,3.33,5.00,4.00,故障
IMG_0887,2.67,2.67,4.00,3.00,2.33,光流
IMG_0888,2.33,3.00,3.67,4.00,2.67,算法笔触
IMG_0889,3.33,3.67,2.00,3.33,3.00,着色器
IMG_0890,2.33,3.00,4.00,2.00,2.33,程序化纹理
IMG_0891,3.33,2.67,5.00,4.00,4.33,体素
IMG_0892,3.00,3.33,3.33,2.67,3.00,着色器
IMG_0893,3.67,3.67,5.00,2.33,3.67,程序化纹理
IMG_0894,2.33,3.67,3.67,3.67,3.33,分形
IMG_0895,5.00,1.00,3.00,3.00,3.67,光流
IMG_0896,3.00,4.00,3.33,4.00,4.00,GAN 合成
IMG_0897,3.00,3.33,3.67,2.33,2.33,着色器
IMG_0898,4.67,2.00,3.67,3.00,4.67,分形
IMG_0899,3.67,3.00,3.67,4.33,4.67,算法笔触
IMG_0900,2.33,4.00,3.67,4.67,3.67,噪声场
IMG_0901,5.00,3.67,4.67,2.33,4.67,像素拼贴
IMG_0902,3.67,3.33,2.67,3.33,3.33,故障
IMG_0903,3.00,4.00,5.00,2.67,4.33,像素拼贴
IMG_0904,3.33,3.00,5.00,2.33,3.33,光流
IMG_0905,4.00,2.67,2.33,4.33,3.67,故障
IMG_0906,2.67,2.00,2.67,2.00,2.00,数据映射
IMG_0907,2.67,3.33,4.33,3.33,3.33,算法笔触
IMG_0908,3.33,3.00,4.67,2.00,4.33,像素拼贴
IMG_0909,3.33,4.67,4.00,3.33,3.67,着色器
IMG_0910,2.33,3.33,2.67,3.33,2.33,像素拼贴
IMG_0911,2.67,3.00,3.00,2.67,2.00,程序化纹理
IMG_0912,4.00,3.33,1.67,3.67,3.67,故障
IMG_0913,3.67,4.00,4.00,3.33,3.67,像素拼贴
IMG_0914,3.00,4.00,2.00,4.00,3.33,粒子
IMG_0915,2.33,2.00,2.33,2.00,2.00,GAN 合成
IMG_0916,2.33,2.33,1.67,4.33,1.67,故障
IMG_0917,3.67,2.67,3.00,3.00,3.00,体素
IMG_0918,4.33,4.67,3.33,4.00,4.67,分形
IMG_0919,3.33,3.67,3.00,3.00,3.67,GAN 合成
IMG_0920,4.00,3.33,2.00,2.67,3.67,像素拼贴
IMG_0921,4.00,3.67,3.33,3.33,4.33,像素拼贴
IMG_0922,3.00,3.67,3.33,3.33,3.00,分形
IMG_0923,3.00,2.33,3.33,4.00,3.00,故障
IMG_0924,3.33,2.33,3.00,4.33,3.00,粒子
IMG_0925,4.33,4.33,4.67,3.67,4.67,像素拼贴
IMG_0926,3.33,1.67,2.67,4.33,3.67,算法笔触
IMG_0927,4.33,3.00,3.33,3.67,4.00,故障
IMG_0928,2.00,4.67,3.00,4.00,2.00,故障
IMG_0929,2.67,2.67,3.00,3.00,1.67,程序化纹理
IMG_0930,3.00,3.67,2.67,5.00,3.33,噪声场
IMG_0931,2.33,4.33,4.33,4.00,4.00,噪声场
IMG_0932,4.33,2.33,1.67,5.00,4.00,算法笔触
IMG_0933,3.00,2.00,3.00,2.00,3.00,GAN 合成
IMG_0934,4.00,2.67,2.67,4.33,4.67,分形
IMG_0935,2.67,4.00,4.67,3.00,3.00,程序化纹理
IMG_0936,2.33,2.67,2.67,4.00,2.33,算法笔触
IMG_0937,3.33,3.67,4.33,3.33,3.00,光流
IMG_0938,3.33,1.33,2.33,2.00,3.33,体素
IMG_0939,5.00,2.00,4.00,3.00,4.67,分形
IMG_0940,2.67,4.33,5.00,4.33,3.67,噪声场
IMG_0941,4.00,2.67,3.00,4.67,3.67,粒子
IMG_0942,2.67,3.67,3.00,4.00,4.00,故障
IMG_0943,4.00,2.67,2.33,3.00,3.00,像素拼贴
IMG_0944,3.33,2.33,5.00,3.67,4.67,体素
IMG_0945,4.00,2.67,2.00,3.67,3.33,GAN 合成
IMG_0946,2.33,5.00,4.33,3.67,3.00,数据映射
IMG_0947,4.00,2.00,3.67,1.33,4.00,像素拼贴
IMG_0948,4.00,2.33,3.67,3.33,2.67,光流
IMG_0949,2.67,3.33,2.67,5.00,3.67,故障
IMG_0950,5.00,2.33,4.33,4.00,4.67,算法笔触
IMG_0951,2.67,4.00,2.67,3.00,2.33,像素拼贴
IMG_0952,3.67,1.33,1.33,3.33,3.00,故障
IMG_0953,3.67,2.67,2.67,4.67,3.67,噪声场
IMG_0954,3.00,3.67,4.33,2.00,4.00,程序化纹理
IMG_0955,3.00,1.67,1.67,4.00,2.67,GAN 合成
IMG_0956,4.00,2.33,2.67,2.33,2.33,光流
IMG_0957,4.00,2.67,2.00,2.33,2.67,像素拼贴
IMG_0958,4.33,2.67,3.33,3.00,3.67,GAN 合成
IMG_0959,2.00,2.00,4.00,4.33,1.67,噪声场
IMG_0960,3.67,2.67,3.00,2.33,3.33,着色器
IMG_0961,2.33,4.00,4.00,3.67,3.00,GAN 合成
IMG_0962,2.33,4.00,4.00,2.67,2.67,着色器
IMG_0963,3.67,2.33,2.67,4.00,3.67,故障
IMG_0964,3.33,3.00,3.67,2.00,3.00,像素拼贴
IMG_0965,2.67,3.00,3.00,2.33,2.33,着色器
IMG_0966,3.33,3.67,3.33,5.00,3.67,粒子
IMG_0967,3.33,3.00,4.00,4.00,3.67,算法笔触
IMG_0968,4.33,4.00,4.67,2.67,5.00,像素拼贴
IMG_0969,2.67,3.33,1.67,4.67,3.00,分形
IMG_0970,4.00,2.00,3.00,3.00,3.67,故障
IMG_0971,2.33,1.67,2.33,2.67,2.00,GAN 合成
IMG_0972,2.67,2.67,2.00,2.67,2.67,程序化纹理
IMG_0973,3.33,2.00,3.67,1.67,3.33,GAN 合成
IMG_0974,2.67,4.00,4.67,2.00,3.33,体素
IMG_0975,4.67,2.33,2.67,3.67,4.33,体素
IMG_0976,2.67,2.33,1.67,3.67,2.00,GAN 合成
IMG_0977,3.00,3.33,2.67,3.67,3.00,故障
IMG_0978,3.67,3.33,2.67,3.00,3.00,像素拼贴
IMG_0979,2.33,4.00,4.33,4.67,3.33,噪声场
IMG_0980,3.67,3.67,2.00,4.67,3.33,故障
IMG_0981,3.00,3.33,2.33,4.00,4.00,故障
IMG_0982,2.67,2.67,3.00,3.67,3.00,体素
IMG_0983,3.67,3.33,3.33,2.67,3.67,着色器
IMG_0984,5.00,3.67,4.67,3.33,5.00,体素
IMG_0985,3.00,2.67,2.67,3.00,3.33,分形
IMG_0986,4.67,2.67,3.33,3.33,4.33,像素拼贴
IMG_0987,3.00,4.00,3.33,4.00,3.67,噪声场
IMG_0988,4.67,2.00,4.00,2.00,4.00,光流
IMG_0989,3.67,2.33,2.33,2.33,2.67,数据映射
IMG_0990,3.33,1.00,2.67,1.00,2.00,程序化纹理
IMG_0991,3.67,2.67,3.33,3.00,3.33,体素
IMG_0992,4.00,3.33,4.00,4.67,4.67,故障
IMG_0993,4.00,2.00,3.00,2.67,3.33,GAN 合成
IMG_0994,3.00,3.67,4.00,4.00,3.67,分形
IMG_0995,3.67,3.00,2.67,4.33,4.00,故障
IMG_0996,2.67,3.33,4.67,3.33,3.33,体素
IMG_0997,3.67,2.67,3.33,3.00,3.33,像素拼贴
IMG_0998,3.00,2.00,3.33,3.33,3.67,像素拼贴
IMG_0999,3.00,3.00,2.33,4.00,2.67,故障
IMG_1000,2.67,4.67,4.33,4.33,4.33,噪声场
IMG_1001,2.33,2.67,4.00,3.67,2.33,算法笔触
IMG_1002,3.67,3.33,1.67,4.00,3.33,粒子
IMG_1003,2.33,2.67,2.00,4.33,2.33,粒子
IMG_1004,3.67,4.67,2.00,5.00,4.67,粒子
IMG_1005,2.67,2.00,1.33,3.33,1.33,GAN 合成
IMG_1006,3.00,2.67,3.00,4.00,3.00,算法笔触
IMG_1007,3.33,2.00,1.33,3.67,1.67,程序化纹理
IMG_1008,2.00,3.33,3.33,5.00,3.33,噪声场
IMG_1009,2.67,2.67,1.67,4.00,2.67,分形
IMG_1010,2.67,2.67,2.67,3.33,3.00,着色器
IMG_1011,4.67,1.33,2.00,2.00,3.67,光流
IMG_1012,4.00,2.00,2.00,3.67,2.33,分形
IMG_1013,2.33,2.67,2.33,4.33,2.67,故障
IMG_1014,3.00,3.00,4.67,3.33,3.33,光流
IMG_1015,2.33,3.00,3.00,2.67,2.33,GAN 合成
IMG_1016,2.33,1.67,2.67,3.33,3.00,GAN 合成
IMG_1017,2.67,2.67,3.33,4.33,2.33,算法笔触
IMG_1018,4.33,2.33,2.33,2.33,3.00,分形
IMG_1019,2.00,3.33,3.00,3.67,2.33,着色器
IMG_1020,2.67,3.67,3.33,3.67,3.67,光流
IMG_1021,2.67,3.33,3.67,3.33,2.33,光流
IMG_1022,2.33,5.00,3.33,5.00,3.67,粒子
IMG_1023,1.67,2.67,2.33,4.00,2.00,算法笔触
IMG_1024,2.67,4.67,4.00,4.00,3.67,算法笔触
IMG_1025,4.33,3.33,4.00,4.00,4.00,分形
IMG_1026,3.67,2.00,4.00,2.33,3.00,光流
IMG_1027,5.00,2.33,3.67,4.67,4.67,算法笔触
IMG_1028,2.33,1.67,2.33,3.00,2.00,数据映射
IMG_1029,2.33,2.00,2.67,3.33,2.33,算法笔触
IMG_1030,4.00,3.33,3.67,5.00,4.33,故障
IMG_1031,4.33,1.33,1.67,3.00,3.33,算法笔触
IMG_1032,3.67,1.67,2.33,2.33,2.67,GAN 合成
IMG_1033,3.00,3.00,2.00,4.67,2.67,算法笔触
IMG_1034,2.00,4.67,3.33,4.67,3.33,粒子
IMG_1035,2.67,2.67,2.67,3.00,2.00,着色器
IMG_1036,2.67,1.67,2.00,4.33,3.00,算法笔触
IMG_1037,2.00,4.00,3.33,4.33,2.33,噪声场
IMG_1038,2.33,2.67,1.33,3.67,1.67,分形
IMG_1039,3.00,2.00,1.67,4.00,2.67,分形
IMG_1040,3.00,2.67,2.33,3.33,3.00,分形
IMG_1041,3.33,2.00,1.67,3.67,2.67,粒子
IMG_1042,2.00,2.33,4.67,2.33,2.00,程序化纹理
IMG_1043,2.67,3.00,3.33,4.00,4.00,分形
IMG_1044,2.33,3.00,2.33,4.00,3.33,分形
IMG_1045,2.33,3.00,2.00,3.00,1.67,程序化纹理
IMG_1046,2.67,3.67,3.67,4.33,3.67,粒子
IMG_1047,3.00,3.67,3.67,3.33,3.00,GAN 合成
IMG_1048,3.00,2.33,2.33,5.00,3.00,算法笔触
IMG_1049,1.67,1.67,2.33,3.67,2.33,光流
IMG_1050,4.33,2.67,2.33,2.33,3.00,GAN 合成
IMG_1051,2.00,4.00,2.67,3.67,2.67,着色器
IMG_1052,3.67,2.00,2.67,2.33,2.00,着色器
IMG_1053,3.33,3.00,3.33,4.33,3.00,噪声场
IMG_1054,4.33,2.67,3.00,3.00,4.00,GAN 合成
IMG_1055,3.00,2.33,3.33,2.33,3.33,GAN 合成
IMG_1056,3.00,1.67,2.33,3.33,3.00,粒子
IMG_1057,3.00,5.00,4.00,4.67,3.67,粒子
IMG_1058,2.00,4.00,2.33,4.67,2.00,粒子
IMG_1059,5.00,4.00,5.00,3.00,4.67,噪声场
IMG_1060,2.33,3.33,3.00,4.67,2.33,算法笔触
IMG_1061,3.67,1.67,2.00,2.33,2.00,GAN 合成
IMG_1062,2.00,4.00,2.33,5.00,2.67,粒子
IMG_1063,3.00,2.67,1.00,4.33,2.33,算法笔触
IMG_1064,2.67,2.67,3.00,3.00,3.00,GAN 合成
IMG_1065,2.33,2.00,1.00,3.00,1.67,GAN 合成
IMG_1066,3.33,2.33,2.67,3.00,2.67,GAN 合成
IMG_1067,3.00,2.33,2.67,3.33,2.67,程序化纹理
IMG_1068,2.67,4.00,3.33,3.33,2.67,GAN 合成
IMG_1069,2.33,2.67,2.00,4.00,2.00,算法笔触
IMG_1070,2.00,3.00,2.67,4.00,3.00,粒子
IMG_1071,4.33,2.33,2.00,3.67,3.00,分形
IMG_1072,3.00,3.67,2.33,4.00,3.00,GAN 合成
IMG_1073,3.67,1.33,2.33,3.67,3.00,粒子
IMG_1074,4.67,3.33,4.33,3.67,5.00,分形
IMG_1075,3.67,3.67,1.67,4.67,3.00,粒子
IMG_1076,1.67,4.00,3.00,5.00,3.00,噪声场
IMG_1077,2.67,3.00,3.33,3.33,2.67,光流
IMG_1078,2.33,4.00,2.00,5.00,2.67,噪声场
IMG_1079,2.67,4.00,3.00,4.67,3.67,噪声场
IMG_1080,3.00,3.67,2.00,5.00,3.67,分形
IMG_1081,2.33,2.67,2.33,4.33,2.00,算法笔触
IMG_1082,2.00,3.33,2.33,3.33,2.00,数据映射
IMG_1083,2.33,3.00,2.00,2.33,1.33,着色器
IMG_1084,3.00,1.00,1.33,2.00,1.33,分形
IMG_1085,2.33,1.00,2.00,2.00,1.00,程序化纹理
IMG_1086,4.33,3.33,4.33,4.00,5.00,噪声场
IMG_1087,2.00,5.00,3.33,4.67,3.00,噪声场
IMG_1088,2.33,2.00,2.00,3.67,1.67,算法笔触
IMG_1089,3.00,1.33,2.67,4.00,3.33,分形
IMG_1090,2.67,3.33,3.33,5.00,3.33,噪声场
IMG_1091,3.67,3.33,2.67,3.33,3.67,GAN 合成
IMG_1092,3.33,4.33,3.33,3.00,4.00,着色器
IMG_1093,4.33,2.00,2.33,1.33,3.00,像素拼贴
IMG_1094,3.67,3.67,2.00,4.00,3.33,故障
IMG_1095,3.67,4.00,3.67,5.00,4.33,噪声场
IMG_1096,3.33,2.00,2.67,3.33,2.33,体素
IMG_1097,2.00,3.00,3.00,4.67,2.33,算法笔触
IMG_1098,2.67,3.00,2.67,4.67,2.67,粒子
IMG_1099,2.67,3.67,2.67,4.00,3.33,噪声场
IMG_1100,2.67,2.67,3.67,2.33,2.33,光流
IMG_1101,4.67,2.33,1.67,1.67,3.33,GAN 合成
IMG_1102,4.67,4.33,4.00,2.67,5.00,数据映射
IMG_1103,4.33,2.00,2.33,2.67,4.00,体素
IMG_1104,4.67,1.67,1.67,3.00,3.00,光流
IMG_1105,4.33,3.00,2.33,3.33,3.67,分形
IMG_1106,4.33,3.67,4.33,3.00,5.00,噪声场
IMG_1107,5.00,2.00,3.33,3.00,4.33,分形
IMG_1108,2.00,4.00,2.00,5.00,2.00,噪声场
IMG_1109,4.67,1.33,2.00,2.00,2.67,数据映射
IMG_1110,5.00,2.67,2.33,2.67,3.67,GAN 合成
IMG_1111,3.00,4.00,2.67,4.00,3.00,故障
IMG_1112,5.00,1.67,2.67,3.33,4.67,分形
IMG_1113,4.33,2.33,3.00,2.67,3.67,体素
IMG_1114,3.00,2.33,3.00,4.00,2.33,故障
IMG_1115,4.33,2.67,2.00,3.00,3.67,分形
IMG_1116,5.00,3.00,3.33,2.67,4.00,体素
IMG_1117,4.67,4.33,5.00,3.33,4.67,着色器
IMG_1118,2.67,4.33,3.00,3.67,3.67,噪声场
IMG_1119,4.33,3.00,4.00,3.33,4.33,分形
IMG_1120,4.67,1.67,3.00,2.67,4.33,粒子
IMG_1121,5.00,2.67,3.00,2.00,3.67,分形
IMG_1122,4.00,5.00,3.33,3.67,4.33,程序化纹理
IMG_1123,3.67,3.33,4.00,3.67,4.00,算法笔触
IMG_1124,4.33,3.33,2.67,3.00,4.00,噪声场
IMG_1125,4.67,2.33,4.33,2.67,4.33,体素
IMG_1126,3.67,2.00,2.33,3.00,3.33,分形
IMG_1127,3.33,3.67,3.67,3.00,3.00,噪声场
IMG_1128,5.00,2.33,3.67,2.67,4.67,体素
IMG_1129,5.00,2.00,2.67,3.00,4.00,分形
IMG_1130,3.67,3.33,3.67,4.33,4.33,噪声场
IMG_1131,2.67,4.00,3.00,4.33,3.33,噪声场
IMG_1132,4.00,3.33,4.67,3.33,4.67,体素
IMG_1133,4.33,1.67,2.33,3.00,3.67,算法笔触
IMG_1134,5.00,1.67,3.33,2.00,4.33,分形
IMG_1135,5.00,2.67,2.67,3.67,4.00,分形
IMG_1136,2.00,3.00,3.00,3.67,2.33,粒子
IMG_1137,4.67,2.33,3.67,2.67,3.67,程序化纹理
IMG_1138,3.67,3.67,3.33,4.00,4.33,噪声场
IMG_1139,4.33,2.33,2.00,2.67,3.67,分形
IMG_1140,4.00,1.00,2.33,3.00,3.33,体素
IMG_1141,4.67,3.00,3.00,2.67,5.00,分形
IMG_1142,3.00,5.00,2.67,4.00,3.33,噪声场
IMG_1143,2.00,2.00,2.00,4.00,2.67,分形
IMG_1144,3.33,3.67,2.33,4.00,2.00,噪声场
IMG_1145,4.00,2.33,3.67,2.00,2.67,光流
IMG_1146,3.67,3.00,3.67,3.00,4.00,故障
IMG_1147,5.00,2.33,2.33,3.33,3.33,分形
IMG_1148,3.33,4.33,3.00,4.33,3.33,粒子
IMG_1149,5.00,1.00,2.00,3.00,3.33,分形
IMG_1150,4.00,3.00,1.67,4.33,3.33,粒子
IMG_1151,4.67,1.67,1.67,3.00,2.67,分形
IMG_1152,2.67,1.67,2.00,4.33,2.00,算法笔触
IMG_1153,4.00,3.67,4.67,3.00,4.67,分形
IMG_1154,4.67,2.67,1.33,2.00,3.33,数据映射
IMG_1155,4.67,1.67,4.00,1.67,4.00,数据映射
IMG_1156,4.67,3.00,4.67,2.67,4.33,数据映射
IMG_1157,4.67,4.00,4.67,3.00,5.00,分形
IMG_1158,3.00,4.33,3.67,3.67,4.33,粒子
IMG_1159,2.33,4.33,2.67,5.00,3.67,噪声场
IMG_1160,2.33,3.00,3.00,3.00,2.67,故障
IMG_1161,4.67,2.67,3.33,3.33,4.33,分形
IMG_1162,2.00,4.67,3.00,4.33,3.00,噪声场
IMG_1163,2.67,3.33,2.67,3.67,2.67,光流
IMG_1164,4.33,2.33,3.00,3.33,3.67,分形
IMG_1165,4.00,2.00,3.33,3.00,3.33,光流
IMG_1166,3.00,4.33,3.00,3.67,2.33,故障
IMG_1167,5.00,2.00,2.00,3.33,4.00,分形
IMG_1168,4.33,4.00,2.67,3.33,3.33,分形
IMG_1169,3.67,3.00,2.33,3.67,2.33,算法笔触
IMG_1170,3.00,2.00,3.67,3.00,2.00,光流
IMG_1171,2.67,3.33,4.33,3.00,2.67,着色器
IMG_1172,4.33,3.33,2.67,2.67,3.67,数据映射
IMG_1173,5.00,1.00,2.33,2.33,4.00,光流
IMG_1174,5.00,2.33,3.00,2.67,4.33,粒子
IMG_1175,3.00,2.67,2.67,4.00,3.00,算法笔触
IMG_1176,4.00,2.33,1.67,2.67,3.00,GAN 合成
IMG_1177,4.67,2.00,2.00,3.67,3.33,算法笔触
IMG_1178,5.00,2.00,2.00,3.00,3.67,分形
IMG_1179,4.33,2.67,3.00,3.33,4.33,分形
IMG_1180,5.00,2.33,3.00,2.33,5.00,粒子
IMG_1181,4.67,4.00,3.67,3.00,5.00,粒子
IMG_1182,4.00,4.00,3.00,3.00,4.67,粒子
IMG_1183,2.00,4.00,2.67,3.33,2.00,噪声场
IMG_1184,4.00,1.00,1.67,3.33,3.00,分形
IMG_1185,4.33,1.67,3.33,2.33,3.67,分形
IMG_1186,5.00,2.00,2.33,2.33,3.67,体素
IMG_1187,4.67,1.67,3.00,3.33,3.67,分形
IMG_1188,2.67,2.33,3.33,3.67,3.33,分形
IMG_1189,3.33,3.67,3.33,3.33,2.67,光流
IMG_1190,4.33,3.00,3.33,3.33,4.33,光流
IMG_1191,4.33,4.33,5.00,3.33,4.67,着色器
IMG_1192,4.67,2.67,1.33,2.67,4.00,分形
IMG_1193,4.67,4.33,1.33,2.33,3.67,着色器
IMG_1194,4.00,3.00,1.67,2.33,3.00,着色器
IMG_1195,2.33,4.33,3.00,3.00,2.33,光流
IMG_1196,3.00,3.67,2.33,4.00,2.67,噪声场
IMG_1197,5.00,2.67,2.67,3.67,4.33,分形
IMG_1198,4.33,2.67,2.67,3.33,4.00,分形
IMG_1199,2.33,2.33,2.33,3.33,2.33,光流
IMG_1200,4.67,3.67,2.67,2.67,4.33,着色器
IMG_1201,4.33,2.67,5.00,2.00,5.00,光流
IMG_1202,3.67,2.00,3.00,2.67,3.00,GAN 合成
IMG_1203,3.00,2.00,1.33,3.33,1.67,GAN 合成
IMG_1204,2.00,3.33,2.33,5.00,3.00,算法笔触
IMG_1205,4.33,2.67,2.00,3.00,3.67,分形
IMG_1206,1.67,4.00,2.00,4.67,3.33,粒子
IMG_1207,4.33,1.33,2.33,3.33,3.00,程序化纹理
IMG_1208,5.00,1.33,2.00,1.67,2.33,程序化纹理
IMG_1209,4.67,4.00,5.00,3.00,4.00,算法笔触
IMG_1210,1.67,3.67,2.33,5.00,2.67,算法笔触
IMG_1211,3.33,3.00,3.00,3.67,2.67,程序化纹理
IMG_1212,3.67,2.67,4.33,1.67,3.67,像素拼贴
IMG_1213,2.00,3.00,3.67,2.00,2.33,数据映射
IMG_1214,2.67,2.00,4.33,2.67,2.00,光流
IMG_1215,2.67,2.67,2.33,4.33,2.33,粒子
IMG_1216,2.33,3.67,3.00,4.67,3.00,粒子
IMG_1217,5.00,4.33,4.33,2.67,4.67,噪声场
IMG_1218,2.33,3.00,2.67,5.00,3.00,算法笔触
IMG_1219,3.00,3.00,3.00,3.33,2.67,光流
IMG_1220,2.67,3.33,2.67,3.33,2.33,算法笔触
IMG_1221,2.00,3.67,4.00,4.67,3.00,故障
IMG_1222,3.33,2.67,3.67,3.00,4.00,GAN 合成
IMG_1223,2.67,3.00,4.00,3.33,3.00,故障
IMG_1224,3.33,1.67,1.67,2.00,1.00,程序化纹理
IMG_1225,3.33,1.00,3.33,1.67,1.67,像素拼贴
IMG_1226,2.33,2.67,2.00,4.67,2.67,算法笔触
IMG_1227,4.00,3.67,3.33,4.00,3.67,算法笔触
IMG_1228,3.67,2.00,3.00,3.33,3.33,分形
IMG_1229,4.00,3.00,2.67,4.00,4.00,算法笔触
IMG_1230,2.67,1.33,2.00,2.33,2.00,程序化纹理
IMG_1231,3.67,1.00,2.00,2.33,2.33,程序化纹理
IMG_1232,3.00,3.67,3.67,3.33,3.00,着色器
IMG_1233,4.67,1.67,2.33,4.00,4.00,算法笔触
IMG_1234,2.00,3.33,4.00,3.67,3.00,光流
IMG_1235,2.33,3.33,1.00,4.67,1.33,粒子
IMG_1236,2.33,3.00,3.00,3.67,3.00,故障
IMG_1237,3.00,2.33,3.67,4.00,3.00,光流
IMG_1238,3.00,2.00,3.67,3.67,3.00,算法笔触
IMG_1239,4.67,2.00,3.00,2.67,4.00,分形
IMG_1240,2.67,5.00,4.00,4.33,4.00,算法笔触
IMG_1241,3.00,4.33,4.33,3.00,3.33,体素
IMG_1242,4.33,1.00,1.33,1.33,2.67,程序化纹理
IMG_1243,2.00,3.67,3.67,4.00,1.67,着色器
IMG_1244,2.33,3.33,4.00,3.67,3.67,故障
IMG_1245,3.00,3.33,1.00,4.00,2.67,粒子
IMG_1246,2.33,3.67,3.67,4.67,2.67,算法笔触
IMG_1247,3.67,2.00,2.00,2.33,2.33,程序化纹理
IMG_1248,4.33,2.67,3.00,3.67,4.33,故障
IMG_1249,2.00,3.67,2.33,5.00,2.67,算法笔触
IMG_1250,3.67,2.33,3.33,3.67,3.67,算法笔触
IMG_1251,1.67,4.00,3.67,4.00,2.67,算法笔触
IMG_1252,3.00,4.33,3.33,4.33,3.33,故障
IMG_1253,4.33,2.33,4.00,2.33,4.67,光流
IMG_1254,2.67,4.67,2.67,3.33,3.67,程序化纹理
IMG_1255,3.00,2.67,4.00,3.00,2.67,数据映射
IMG_1256,3.33,3.33,1.33,3.67,2.67,算法笔触
IMG_1257,3.00,3.00,2.00,3.00,2.67,GAN 合成
IMG_1258,3.00,1.33,2.00,1.67,1.33,体素
IMG_1259,3.67,2.33,3.00,3.00,2.67,程序化纹理
IMG_1260,2.00,1.67,2.00,3.33,2.33,GAN 合成
IMG_1261,3.33,2.33,3.00,4.33,3.00,算法笔触
IMG_1262,3.33,3.00,5.00,2.33,4.67,光流
IMG_1263,3.00,3.00,3.33,4.00,2.67,着色器
IMG_1264,2.00,3.00,3.00,4.00,3.67,粒子
IMG_1265,3.00,2.33,2.67,4.00,3.33,粒子
IMG_1266,4.33,2.00,2.00,1.67,3.33,像素拼贴
IMG_1267,2.67,2.33,2.00,3.33,3.00,GAN 合成
IMG_1268,4.00,2.00,2.33,4.00,3.67,粒子
IMG_1269,3.33,4.33,3.33,5.00,4.00,算法笔触
IMG_1270,4.33,3.00,1.67,3.67,4.00,粒子
IMG_1271,2.00,3.33,3.00,5.00,2.67,噪声场
IMG_1272,4.33,3.33,3.00,2.33,4.00,GAN 合成
IMG_1273,2.00,4.33,4.67,3.00,3.33,着色器
IMG_1274,4.00,2.00,2.33,3.00,3.00,GAN 合成
IMG_1275,2.67,3.33,4.33,2.67,2.33,体素
IMG_1276,5.00,4.67,5.00,1.00,5.00,体素
IMG_1277,2.33,3.00,3.00,3.67,2.33,噪声场
IMG_1278,1.67,2.67,3.67,2.67,2.00,GAN 合成
IMG_1279,2.00,3.33,4.00,2.00,2.00,GAN 合成
IMG_1280,2.33,4.33,4.00,3.33,3.33,程序化纹理
IMG_1281,3.67,3.00,4.33,4.00,5.00,算法笔触
IMG_1282,3.33,1.67,2.00,2.00,1.67,GAN 合成
IMG_1283,2.33,2.67,4.33,3.33,3.00,程序化纹理
IMG_1284,2.67,4.00,4.33,2.67,3.33,光流
IMG_1285,4.00,2.00,3.33,2.33,2.67,光流
IMG_1286,3.00,2.00,3.67,3.00,3.67,光流
IMG_1287,4.33,2.67,2.00,3.00,3.33,GAN 合成
IMG_1288,2.33,3.00,3.33,4.67,2.33,算法笔触
IMG_1289,4.00,2.00,2.33,3.00,3.00,数据映射
IMG_1290,3.00,1.33,3.67,2.33,2.00,程序化纹理
IMG_1291,2.33,2.00,2.33,3.33,1.33,GAN 合成
IMG_1292,3.00,3.00,2.00,4.00,2.67,光流
IMG_1293,2.00,5.00,3.67,4.67,2.33,故障
IMG_1294,4.33,1.67,4.33,2.67,3.33,程序化纹理
IMG_1295,1.33,3.33,3.33,4.33,2.00,光流
IMG_1296,4.67,1.67,2.00,4.00,3.67,算法笔触
IMG_1297,3.00,2.67,3.00,3.00,2.33,GAN 合成
IMG_1298,1.67,2.00,3.00,4.00,2.00,光流
IMG_1299,2.33,3.00,2.33,3.33,1.33,着色器
IMG_1300,4.33,3.00,3.00,3.33,4.00,粒子
IMG_1301,3.67,4.67,4.33,4.67,4.00,噪声场
IMG_1302,4.67,2.00,3.67,1.33,5.00,分形
IMG_1303,4.00,2.67,3.00,3.33,4.00,GAN 合成
IMG_1304,4.00,2.67,3.33,3.67,4.33,算法笔触
IMG_1305,3.33,2.67,3.67,2.33,3.67,程序化纹理
IMG_1306,2.00,3.33,3.33,5.00,3.00,算法笔触
IMG_1307,4.00,4.00,2.33,4.33,4.33,粒子
IMG_1308,3.67,3.00,4.00,4.00,3.67,算法笔触
IMG_1309,2.00,4.00,3.67,3.67,2.00,着色器
IMG_1310,4.00,3.33,4.33,4.00,4.33,程序化纹理
IMG_1311,2.33,4.00,3.33,4.33,3.00,噪声场
IMG_1312,3.33,2.33,3.00,3.33,3.00,光流
IMG_1313,5.00,2.00,3.67,3.00,4.67,体素
IMG_1314,4.67,3.33,4.33,1.67,4.67,数据映射
IMG_1315,2.67,2.33,2.67,3.67,3.00,分形
IMG_1316,4.33,1.67,1.67,4.00,3.33,算法笔触
IMG_1317,4.33,2.00,3.67,2.00,3.33,像素拼贴
IMG_1318,2.67,4.33,3.00,4.33,3.67,算法笔触
IMG_1319,3.67,3.00,2.33,3.67,3.00,故障
IMG_1320,4.00,1.67,3.33,2.33,3.00,数据映射
IMG_1321,4.00,4.00,3.33,3.00,3.33,着色器
IMG_1322,4.67,2.00,2.33,2.67,3.00,GAN 合成
IMG_1323,3.00,4.00,3.67,4.33,4.00,算法笔触
IMG_1324,5.00,4.00,5.00,3.00,5.00,体素
IMG_1325,2.67,4.00,2.67,5.00,3.33,噪声场
IMG_1326,4.67,1.00,2.33,2.00,3.33,光流
IMG_1327,2.33,2.00,2.67,2.33,1.67,数据映射
IMG_1328,3.67,3.33,3.33,3.33,4.67,粒子
IMG_1329,3.67,3.33,3.67,3.67,3.67,粒子
IMG_1330,4.33,2.67,4.67,2.67,5.00,分形
IMG_1331,4.00,3.00,2.33,4.33,3.67,算法笔触
IMG_1332,4.00,2.00,3.33,1.67,3.33,程序化纹理
IMG_1333,4.67,2.67,2.67,3.00,4.33,算法笔触
IMG_1334,4.67,3.33,3.67,4.00,5.00,算法笔触
IMG_1335,3.67,3.67,3.33,2.67,3.67,着色器
IMG_1336,3.00,2.33,3.33,3.00,3.33,光流
IMG_1337,4.33,1.33,2.33,2.33,3.00,程序化纹理
IMG_1338,5.00,4.00,4.67,3.00,5.00,算法笔触
IMG_1339,1.67,1.67,2.00,4.00,2.33,算法笔触
IMG_1340,4.00,4.00,4.67,3.33,4.33,噪声场
IMG_1341,3.67,2.33,3.33,3.00,3.67,光流
IMG_1342,3.33,2.00,3.00,3.33,3.00,算法笔触
IMG_1343,4.33,3.00,3.67,4.00,5.00,分形
IMG_1344,3.00,4.33,4.00,3.67,4.00,粒子
IMG_1345,3.00,5.00,4.00,3.67,4.67,噪声场
IMG_1346,4.00,2.33,2.33,2.67,3.00,程序化纹理
IMG_1347,2.33,3.00,3.00,3.67,2.33,粒子
IMG_1348,2.33,1.33,2.00,2.67,1.67,程序化纹理
IMG_1349,4.00,1.67,3.00,3.00,3.33,分形
IMG_1350,3.00,4.00,1.67,4.00,3.33,粒子
IMG_1351,2.00,4.33,1.67,4.33,2.33,粒子
IMG_1352,3.67,1.67,2.67,2.00,2.67,光流
IMG_1353,3.00,4.00,2.33,5.00,4.33,粒子
IMG_1354,3.67,4.33,4.00,4.33,3.67,体素
IMG_1355,4.67,2.00,5.00,2.33,5.00,体素
IMG_1356,4.00,3.67,4.67,2.33,5.00,数据映射
IMG_1357,4.67,2.33,4.67,2.33,4.67,数据映射
IMG_1358,4.67,3.33,2.67,4.00,5.00,粒子
IMG_1359,2.67,3.00,2.00,4.67,3.00,算法笔触
IMG_1360,4.00,4.33,3.33,4.00,4.67,噪声场
IMG_1361,1.67,4.33,3.00,4.67,3.33,粒子
IMG_1362,2.00,3.33,2.00,4.00,2.33,故障
IMG_1363,3.33,3.67,4.00,4.33,4.00,分形
IMG_1364,2.00,4.00,3.33,4.33,3.00,噪声场
IMG_1365,4.00,2.00,4.67,1.67,4.33,程序化纹理
IMG_1366,4.00,3.67,4.33,2.33,3.67,光流
IMG_1367,3.67,3.33,3.33,2.67,3.33,数据映射
IMG_1368,4.00,2.67,3.33,3.33,4.00,光流
IMG_1369,5.00,1.67,4.00,2.00,3.67,体素
IMG_1370,2.67,3.00,2.67,3.00,2.67,程序化纹理
IMG_1371,3.67,2.67,2.67,4.33,3.33,故障
IMG_1372,3.67,1.67,1.33,2.67,2.33,像素拼贴
IMG_1373,4.00,3.00,3.00,4.33,4.00,算法笔触
IMG_1374,3.00,2.33,3.67,2.33,2.67,程序化纹理
IMG_1375,3.00,3.00,3.33,3.67,4.00,算法笔触
IMG_1376,2.67,2.33,3.00,3.33,2.33,数据映射
IMG_1377,2.67,2.33,3.33,3.00,3.00,程序化纹理
IMG_1378,2.00,4.33,3.67,4.00,3.00,故障
IMG_1379,3.67,4.33,3.67,3.67,4.00,噪声场
IMG_1380,3.33,3.00,3.33,3.33,4.00,分形
IMG_1381,2.00,3.00,4.00,3.67,2.67,程序化纹理
IMG_1382,3.00,1.67,2.67,4.00,2.67,算法笔触
IMG_1383,4.33,2.33,4.00,1.67,4.67,GAN 合成
IMG_1384,4.33,1.00,2.67,3.67,3.67,算法笔触
IMG_1385,2.33,4.67,3.00,4.00,3.00,光流
IMG_1386,3.00,4.00,4.00,4.00,3.67,故障
IMG_1387,1.67,4.67,3.67,5.00,3.00,粒子
IMG_1388,2.00,3.00,4.33,3.67,3.33,光流
IMG_1389,2.33,5.00,3.67,5.00,3.33,故障
IMG_1390,3.33,5.00,4.00,4.33,4.33,着色器
IMG_1391,3.33,2.00,2.00,1.67,2.00,像素拼贴
IMG_1392,4.00,2.33,4.00,3.67,3.67,故障
IMG_1393,2.00,4.33,3.33,5.00,3.33,算法笔触
IMG_1394,4.67,3.00,4.00,3.67,4.33,噪声场
IMG_1395,4.67,2.00,2.00,2.33,3.33,GAN 合成
IMG_1396,3.00,1.33,3.00,3.33,2.33,程序化纹理
IMG_1397,4.00,2.00,4.67,3.33,3.67,分形
IMG_1398,4.67,2.00,2.67,3.67,4.67,分形
IMG_1399,2.00,4.33,4.00,4.00,3.00,故障
IMG_1400,2.33,5.00,2.67,5.00,2.67,粒子
IMG_1401,1.67,2.00,2.33,2.33,2.00,GAN 合成
IMG_1402,3.33,4.00,4.33,4.33,5.00,粒子
IMG_1403,3.00,3.33,3.67,2.67,4.00,粒子
IMG_1404,2.00,3.33,2.00,3.67,2.33,粒子
IMG_1405,4.33,2.33,2.67,4.33,3.67,粒子
IMG_1406,3.33,2.67,3.67,2.67,2.67,GAN 合成
IMG_1407,3.00,3.00,4.33,2.67,2.33,着色器
IMG_1408,4.67,1.33,2.67,3.00,4.00,分形
IMG_1409,2.67,2.67,4.00,2.67,2.67,着色器
IMG_1410,3.33,3.33,2.67,4.33,3.00,噪声场
IMG_1411,3.67,2.00,3.67,1.67,2.67,GAN 合成
IMG_1412,4.00,3.33,3.00,4.33,3.67,粒子
IMG_1413,2.67,4.33,4.67,4.67,5.00,粒子
IMG_1414,4.00,3.33,3.33,4.00,4.67,算法笔触
IMG_1415,4.00,4.00,3.33,2.33,4.00,像素拼贴
IMG_1416,2.67,2.33,4.00,3.33,2.67,光流
IMG_1417,2.00,3.67,4.33,3.33,3.00,着色器
IMG_1418,5.00,2.67,3.33,3.33,4.33,分形
IMG_1419,3.00,3.00,4.67,3.00,3.33,光流
IMG_1420,3.33,3.67,2.67,2.67,2.67,着色器
IMG_1421,5.00,2.33,1.67,4.33,4.67,分形
IMG_1422,3.00,2.33,3.00,2.67,2.33,程序化纹理
IMG_1423,4.00,2.33,1.67,4.00,3.00,算法笔触
IMG_1424,1.67,4.00,2.33,3.67,1.67,着色器
IMG_1425,3.33,3.00,2.00,2.33,1.67,像素拼贴
IMG_1426,3.33,4.00,3.33,3.67,4.33,算法笔触
IMG_1427,3.33,4.00,3.00,4.00,3.67,算法笔触
IMG_1428,4.67,4.33,3.33,4.33,4.00,粒子
IMG_1429,3.33,2.00,3.67,2.00,3.00,程序化纹理
IMG_1430,4.33,5.00,4.67,3.67,4.67,粒子
IMG_1431,3.33,4.00,2.67,4.67,4.00,粒子
IMG_1432,4.33,4.00,4.67,4.33,5.00,噪声场
IMG_1433,4.00,3.33,3.33,3.67,4.00,故障
IMG_1434,3.00,3.00,2.33,5.00,3.00,算法笔触
IMG_1435,3.33,3.67,3.67,3.00,3.33,光流
IMG_1436,3.33,2.00,3.33,2.33,3.33,分形
IMG_1437,3.00,4.33,4.00,4.00,4.00,粒子
IMG_1438,2.00,3.67,3.33,3.00,2.67,GAN 合成
IMG_1439,2.67,1.67,2.00,4.33,1.67,分形
IMG_1440,4.00,1.00,1.67,1.00,2.00,程序化纹理
IMG_1441,2.33,2.67,2.00,3.67,2.67,算法笔触
IMG_1442,3.67,3.67,3.33,3.67,3.33,算法笔触
IMG_1443,4.33,3.33,3.00,4.00,4.67,粒子
IMG_1444,4.67,3.00,3.67,3.33,4.67,噪声场
IMG_1445,3.67,4.67,3.00,4.33,4.67,粒子
IMG_1446,4.67,1.33,2.00,2.33,3.33,程序化纹理
IMG_1447,4.00,4.33,4.33,4.00,4.33,粒子
IMG_1448,4.00,2.67,2.33,3.00,3.67,分形
IMG_1449,3.33,3.00,3.00,4.00,3.67,算法笔触
IMG_1450,3.67,3.67,2.67,4.33,3.00,算法笔触
IMG_1451,4.33,2.67,2.67,4.33,4.00,分形
IMG_1452,3.33,4.67,3.33,4.00,4.67,粒子
IMG_1453,3.33,4.33,3.67,2.33,3.00,像素拼贴
IMG_1454,4.67,4.33,3.67,3.67,3.67,着色器
IMG_1455,3.33,3.00,2.00,5.00,3.67,故障
IMG_1456,3.67,4.67,3.67,3.00,4.33,着色器
IMG_1457,4.33,2.67,1.67,4.00,4.67,粒子
IMG_1458,3.33,3.00,2.67,2.67,3.67,GAN 合成
IMG_1459,2.67,4.33,4.67,3.33,4.67,着色器
IMG_1460,2.67,1.33,3.00,3.00,2.67,GAN 合成
IMG_1461,4.00,3.67,5.00,3.33,5.00,算法笔触
IMG_1462,5.00,3.33,2.67,3.00,4.33,粒子
IMG_1463,5.00,2.33,3.33,2.67,4.33,粒子
IMG_1464,3.00,3.00,3.33,3.67,3.00,故障
IMG_1465,4.00,4.00,4.00,2.00,4.00,着色器
IMG_1466,3.33,3.33,3.33,3.00,4.00,粒子
IMG_1467,3.33,4.67,4.00,5.00,4.00,故障
IMG_1468,2.00,4.00,5.00,2.67,2.33,着色器
IMG_1469,2.33,3.00,2.00,3.00,1.67,着色器
IMG_1470,5.00,3.33,3.00,3.33,5.00,粒子
IMG_1471,4.33,2.00,4.00,2.67,3.33,程序化纹理
IMG_1472,4.33,3.00,2.00,4.00,4.67,粒子
IMG_1473,3.00,3.67,3.00,4.33,3.00,粒子
IMG_1474,2.33,5.00,5.00,3.00,3.00,着色器
IMG_1475,3.67,3.67,2.33,4.33,3.33,算法笔触
IMG_1476,3.33,2.33,3.33,3.67,3.00,程序化纹理
IMG_1477,2.33,4.33,3.67,4.00,2.67,着色器
IMG_1478,4.67,1.67,2.00,1.67,3.67,数据映射
IMG_1479,2.67,3.00,3.33,2.67,2.67,着色器
IMG_1480,5.00,1.00,3.00,2.67,3.67,粒子
IMG_1481,2.67,4.67,3.33,3.33,3.67,故障
IMG_1482,3.00,3.00,4.00,3.67,3.33,程序化纹理
IMG_1483,3.67,4.00,3.67,2.33,2.67,着色器
IMG_1484,4.33,2.00,3.67,3.67,5.00,算法笔触
IMG_1485,3.33,3.67,4.33,3.33,3.33,算法笔触
IMG_1486,4.67,3.33,4.33,3.67,4.67,粒子
IMG_1487,2.33,4.00,4.00,2.33,2.67,程序化纹理
IMG_1488,2.33,1.33,2.33,2.00,1.67,程序化纹理
IMG_1489,4.00,3.33,3.00,3.00,3.67,粒子
IMG_1490,2.33,2.67,2.33,2.33,1.67,GAN 合成
IMG_1491,4.67,2.67,3.33,3.33,5.00,体素
IMG_1492,2.00,3.00,3.67,3.00,2.67,程序化纹理
IMG_1493,4.00,3.00,2.00,4.33,4.00,算法笔触
IMG_1494,4.33,2.00,3.00,2.00,2.67,数据映射
IMG_1495,3.67,1.33,3.00,4.67,3.33,算法笔触
IMG_1496,5.00,1.33,2.67,2.33,3.67,数据映射
IMG_1497,3.00,2.33,1.67,2.00,2.00,光流
IMG_1498,3.67,4.00,4.33,3.33,3.33,光流
IMG_1499,4.00,5.00,3.67,4.33,5.00,故障
IMG_1500,3.67,2.67,3.00,3.33,3.00,粒子
IMG_1501,5.00,2.00,2.33,3.33,3.67,GAN 合成
IMG_1502,3.67,2.33,3.67,2.67,3.33,像素拼贴
IMG_1503,2.33,4.33,4.67,3.00,3.33,着色器
IMG_1504,4.33,4.67,4.00,4.00,4.33,着色器
IMG_1505,3.67,4.00,2.67,4.33,3.67,故障
IMG_1506,4.67,3.33,4.00,3.33,4.00,体素
IMG_1507,3.00,3.33,3.67,4.00,3.00,粒子
IMG_1508,2.67,4.67,4.00,4.67,3.33,粒子
IMG_1509,4.00,1.33,4.00,2.67,3.67,光流
IMG_1510,4.00,1.67,3.67,2.33,4.33,体素
IMG_1511,2.00,4.00,4.33,3.33,2.67,光流
IMG_1512,3.33,3.67,5.00,3.67,4.33,体素
IMG_1513,2.67,4.00,4.33,3.33,3.00,光流
IMG_1514,3.33,3.00,4.00,2.33,3.33,像素拼贴
IMG_1515,3.33,1.33,3.00,3.33,2.67,分形
IMG_1516,3.67,1.33,3.33,2.33,3.00,光流
IMG_1517,2.33,2.00,4.67,2.33,2.67,光流
IMG_1518,4.33,2.00,3.67,2.00,2.33,像素拼贴
IMG_1519,3.00,3.00,4.33,3.33,2.67,算法笔触
IMG_1520,2.67,4.00,4.00,4.00,3.33,粒子
IMG_1521,4.67,2.33,1.67,3.67,3.00,粒子
IMG_1522,3.33,4.33,4.33,3.67,4.00,粒子
IMG_1523,3.67,3.00,2.33,2.67,2.67,算法笔触
IMG_1524,3.00,3.00,3.00,4.00,2.33,粒子
IMG_1525,5.00,3.33,4.33,1.67,5.00,数据映射
IMG_1526,4.00,3.00,5.00,1.33,4.67,程序化纹理
IMG_1527,2.67,3.67,4.33,3.67,3.00,光流
IMG_1528,3.33,2.67,4.33,2.33,4.00,GAN 合成
IMG_1529,2.67,3.00,3.67,4.00,2.67,算法笔触
IMG_1530,5.00,1.00,2.67,3.00,4.00,分形
IMG_1531,3.67,2.33,4.00,3.00,4.00,GAN 合成
IMG_1532,3.33,5.00,3.67,4.33,5.00,粒子
IMG_1533,3.00,3.00,3.00,3.33,2.67,着色器
IMG_1534,2.00,3.33,4.33,2.67,2.67,程序化纹理
IMG_1535,2.67,1.67,2.33,2.00,1.33,程序化纹理
IMG_1536,3.00,4.00,3.00,4.33,3.33,粒子
IMG_1537,2.33,3.67,4.67,2.33,3.67,程序化纹理
IMG_1538,3.00,1.33,3.67,2.00,2.33,程序化纹理
IMG_1539,3.33,3.33,2.00,3.33,3.33,算法笔触
IMG_1540,2.67,4.67,4.00,1.67,2.00,程序化纹理
IMG_1541,3.67,2.67,2.67,3.33,3.00,粒子
IMG_1542,3.33,2.67,2.00,3.33,2.33,数据映射
IMG_1543,4.00,2.33,3.00,4.00,4.00,粒子
IMG_1544,4.67,3.00,3.33,3.00,4.33,粒子
IMG_1545,3.67,2.33,3.00,3.00,3.00,GAN 合成
IMG_1546,4.67,2.00,3.33,3.67,4.00,粒子
IMG_1547,3.33,4.00,4.00,4.00,3.67,粒子
IMG_1548,3.67,2.67,3.33,4.00,3.33,粒子
IMG_1549,2.67,5.00,3.00,4.67,3.00,粒子
IMG_1550,4.00,3.33,2.67,3.67,3.67,粒子
IMG_1551,3.00,3.00,3.67,4.00,3.33,算法笔触
IMG_1552,3.33,4.67,3.33,3.33,4.33,粒子
IMG_1553,4.00,2.67,4.00,3.67,4.00,光流
IMG_1554,3.33,3.67,4.00,3.00,3.33,程序化纹理
IMG_1555,2.00,3.67,4.00,4.67,2.67,故障
IMG_1556,3.33,4.33,4.33,4.33,4.00,粒子
IMG_1557,2.33,5.00,2.33,5.00,3.00,粒子
IMG_1558,2.67,3.33,5.00,2.67,3.33,数据映射
IMG_1559,2.67,4.67,4.67,3.33,4.00,噪声场
IMG_1560,2.33,2.33,3.00,4.67,2.00,光流
IMG_1561,5.00,1.33,3.33,2.00,4.00,体素
IMG_1562,4.67,1.67,4.00,2.67,4.67,分形
IMG_1563,3.67,4.00,3.33,3.33,3.33,粒子
IMG_1564,2.33,2.67,3.33,2.33,2.00,光流
IMG_1565,4.67,2.33,2.33,2.00,3.67,像素拼贴
IMG_1566,3.67,3.33,2.67,2.67,3.00,分形
IMG_1567,4.33,3.00,3.33,3.33,4.33,GAN 合成
IMG_1568,4.67,3.00,4.67,2.00,5.00,体素
IMG_1569,2.33,2.67,4.33,3.33,2.67,程序化纹理
IMG_1570,2.33,2.33,4.67,2.33,2.67,光流
IMG_1571,4.67,3.00,5.00,3.00,5.00,光流
IMG_1572,3.67,2.00,2.00,2.33,1.67,着色器
IMG_1573,4.00,4.00,4.00,3.33,4.33,GAN 合成
IMG_1574,4.00,3.67,3.67,2.67,3.67,GAN 合成
IMG_1575,4.00,3.67,3.00,3.67,4.00,故障
IMG_1576,4.00,3.00,4.00,3.33,4.00,光流
IMG_1577,4.33,4.00,4.33,3.67,4.67,GAN 合成
IMG_1578,4.00,3.00,3.00,2.00,3.00,像素拼贴
IMG_1579,4.00,2.33,3.00,2.67,3.33,分形
IMG_1580,3.00,2.33,3.33,2.33,3.67,程序化纹理
IMG_1581,3.00,3.67,3.67,2.00,3.67,像素拼贴
IMG_1582,3.67,3.00,2.33,3.33,3.67,GAN 合成
IMG_1583,2.33,2.00,3.00,2.33,2.67,GAN 合成
IMG_1584,1.67,3.67,2.00,4.33,2.00,粒子
IMG_1585,4.67,2.00,2.67,3.33,3.33,GAN 合成
IMG_1586,2.33,4.00,5.00,3.67,3.33,粒子
IMG_1587,3.00,1.67,3.00,3.00,2.67,程序化纹理
IMG_1588,3.00,3.33,5.00,3.33,2.67,数据映射
IMG_1589,3.67,1.33,1.67,2.00,2.00,GAN 合成
IMG_1590,2.33,2.33,4.00,2.67,3.00,光流
IMG_1591,5.00,1.00,2.00,2.00,3.00,像素拼贴
IMG_1592,2.33,2.00,2.33,2.67,1.00,GAN 合成
IMG_1593,2.00,4.33,4.33,2.33,3.00,像素拼贴
IMG_1594,3.33,1.67,3.00,2.33,2.00,GAN 合成
IMG_1595,4.33,1.33,2.67,3.67,3.67,粒子
IMG_1596,4.33,1.67,3.33,2.67,4.00,程序化纹理
IMG_1597,3.67,4.33,3.67,4.33,4.00,粒子
IMG_1598,2.67,1.00,2.00,2.00,3.33,程序化纹理
IMG_1599,4.33,2.33,3.33,3.33,4.00,GAN 合成
IMG_1600,2.67,2.00,2.67,2.33,1.67,程序化纹理
IMG_1601,4.00,2.33,2.67,2.00,3.00,光流
IMG_1602,5.00,2.67,2.00,3.67,4.33,粒子
IMG_1603,4.33,2.00,3.33,3.33,3.00,程序化纹理
IMG_1604,4.33,3.33,3.33,3.67,4.00,粒子
IMG_1605,4.67,3.67,5.00,3.67,5.00,算法笔触
IMG_1606,3.67,1.67,2.67,3.00,2.67,程序化纹理
IMG_1607,2.00,3.33,3.67,4.00,2.33,算法笔触
IMG_1608,2.33,4.33,4.00,2.67,3.00,程序化纹理
IMG_1609,3.00,5.00,4.33,4.67,5.00,粒子
IMG_1610,3.33,4.33,5.00,2.33,4.33,数据映射
IMG_1611,3.00,3.00,3.67,3.33,3.33,GAN 合成
IMG_1612,2.67,4.00,2.67,2.67,2.67,数据映射
IMG_1613,3.33,4.33,2.33,3.00,3.33,像素拼贴
IMG_1614,3.67,2.67,4.00,3.00,4.33,分形
IMG_1615,2.67,2.33,4.00,1.67,2.00,GAN 合成
IMG_1616,4.33,2.33,3.33,3.00,4.33,像素拼贴
IMG_1617,3.33,1.33,3.33,2.00,2.67,程序化纹理
IMG_1618,3.67,4.67,3.33,3.00,4.00,着色器
IMG_1619,2.33,1.67,4.33,4.33,3.00,算法笔触
IMG_1620,4.00,2.00,4.00,2.67,4.33,光流
IMG_1621,3.00,4.00,2.67,3.67,2.67,粒子
IMG_1622,2.67,1.00,2.67,4.00,2.00,算法笔触
IMG_1623,3.00,3.33,2.00,3.00,2.00,着色器
IMG_1624,3.33,4.67,4.33,4.00,4.33,粒子
IMG_1625,2.00,3.33,3.00,4.33,2.33,算法笔触
IMG_1626,3.00,1.33,2.67,2.67,2.00,像素拼贴
IMG_1627,3.33,4.00,3.00,5.00,4.33,粒子
IMG_1628,3.33,4.33,4.00,2.67,3.67,着色器
IMG_1629,4.67,2.00,3.33,1.67,3.67,体素
IMG_1630,4.00,3.33,3.33,3.33,4.00,GAN 合成
IMG_1631,4.00,2.67,3.33,3.67,3.67,粒子
IMG_1632,3.67,2.00,3.33,3.00,3.00,GAN 合成
IMG_1633,3.33,3.00,3.00,4.00,3.33,程序化纹理
IMG_1634,4.00,2.00,2.67,3.67,3.00,光流
IMG_1635,3.00,3.67,3.67,2.33,2.67,像素拼贴
IMG_1636,4.00,3.00,4.33,2.33,3.67,GAN 合成
IMG_1637,2.00,4.00,4.67,3.67,3.33,着色器
IMG_1638,4.33,1.67,2.00,4.33,4.00,算法笔触
IMG_1639,2.67,2.67,4.00,4.00,3.67,光流
IMG_1640,2.33,4.33,1.67,4.67,2.67,粒子
IMG_1641,3.00,5.00,3.33,4.33,4.00,粒子
IMG_1642,4.33,1.33,1.67,2.67,2.67,程序化纹理
IMG_1643,2.67,2.00,3.33,1.67,2.33,像素拼贴
IMG_1644,4.00,1.67,3.00,1.67,3.00,像素拼贴
IMG_1645,3.33,2.33,2.33,3.67,3.00,光流
IMG_1646,4.67,4.00,5.00,4.00,5.00,算法笔触
IMG_1647,2.00,4.67,4.00,4.00,2.33,着色器
IMG_1648,4.33,3.00,3.67,3.00,4.33,GAN 合成
IMG_1649,3.00,3.67,3.00,3.00,2.33,着色器
IMG_1650,2.33,2.67,4.67,3.00,2.67,数据映射
IMG_1651,2.00,3.67,3.33,3.33,3.33,粒子
IMG_1652,3.67,4.33,3.67,3.33,3.67,着色器
IMG_1653,4.00,2.33,3.67,3.67,4.00,数据映射
IMG_1654,2.67,3.67,5.00,2.67,3.33,光流
IMG_1655,3.33,2.67,3.67,1.67,3.33,像素拼贴
IMG_1656,4.00,1.33,2.33,3.00,3.00,GAN 合成
IMG_1657,4.67,1.00,2.67,2.33,2.00,数据映射
IMG_1658,4.33,2.00,5.00,2.00,4.00,数据映射
IMG_1659,2.67,2.67,2.33,3.67,2.33,光流
IMG_1660,3.33,3.00,2.67,2.67,3.33,粒子
IMG_1661,5.00,1.33,2.67,2.00,3.67,体素
IMG_1662,3.33,2.33,3.33,2.33,2.67,数据映射
IMG_1663,4.67,1.33,3.67,3.00,4.67,数据映射
IMG_1664,2.33,3.33,3.33,4.33,3.33,算法笔触
IMG_1665,3.00,4.67,4.67,3.33,4.33,故障
IMG_1666,2.33,2.00,2.33,2.33,2.33,粒子
IMG_1667,3.00,3.00,3.67,3.33,3.00,着色器
IMG_1668,3.00,4.00,4.00,4.33,3.67,粒子
IMG_1669,2.00,3.67,4.00,5.00,3.67,算法笔触
IMG_1670,2.33,2.33,2.00,3.33,2.33,粒子
IMG_1671,2.00,4.33,4.33,3.67,3.33,着色器
IMG_1672,3.33,4.67,4.67,4.33,5.00,粒子
IMG_1673,3.00,3.00,4.00,3.67,3.00,粒子
IMG_1674,2.67,2.00,2.67,4.00,2.67,粒子
IMG_1675,2.67,1.33,2.33,2.00,1.00,程序化纹理
IMG_1676,5.00,2.00,3.33,2.33,4.00,数据映射
IMG_1677,3.67,2.67,3.00,2.33,2.67,数据映射
IMG_1678,2.33,3.00,3.00,3.00,2.67,光流
IMG_1679,4.00,3.67,3.33,3.00,4.00,着色器
IMG_1680,4.33,2.00,4.67,1.67,4.67,数据映射
IMG_1681,3.00,4.67,4.00,4.33,4.00,粒子
IMG_1682,3.00,1.67,3.00,2.67,2.33,程序化纹理
IMG_1683,3.67,2.00,3.67,2.67,3.00,程序化纹理
IMG_1684,2.67,2.33,2.33,2.67,2.33,程序化纹理
IMG_1685,3.33,2.67,3.67,2.67,3.00,数据映射
IMG_1686,4.00,2.67,4.00,3.33,3.67,数据映射
IMG_1687,4.33,3.00,3.33,3.67,4.00,算法笔触
IMG_1688,4.33,3.00,3.67,3.67,4.67,算法笔触
IMG_1689,4.00,2.67,3.67,2.33,4.33,GAN 合成
IMG_1690,4.00,3.00,4.33,3.00,4.00,分形
IMG_1691,3.67,2.33,3.00,3.67,3.00,算法笔触
IMG_1692,4.33,3.00,3.67,3.33,4.67,数据映射
IMG_1693,2.00,2.33,3.67,4.00,2.67,GAN 合成
IMG_1694,2.67,4.00,2.33,5.00,3.00,粒子
IMG_1695,2.67,4.67,3.00,3.67,3.33,粒子
IMG_1696,3.33,2.00,3.00,2.33,2.67,数据映射
IMG_1697,3.33,3.67,3.67,3.33,3.67,粒子
IMG_1698,4.00,4.67,3.00,4.00,4.00,粒子
IMG_1699,5.00,3.33,4.33,4.00,4.67,算法笔触
IMG_1700,4.00,4.33,3.67,4.00,4.67,粒子
IMG_1701,2.00,3.67,2.67,5.00,3.00,粒子
IMG_1702,2.67,2.67,2.33,4.67,3.00,粒子
IMG_1703,2.00,2.67,2.67,4.67,2.33,算法笔触
IMG_1704,3.33,3.33,2.67,3.33,4.00,粒子
IMG_1705,3.33,4.67,2.67,4.67,4.33,粒子
IMG_1706,3.00,4.00,3.33,3.00,3.67,分形
IMG_1707,2.00,2.67,2.67,4.33,1.67,程序化纹理
IMG_1708,4.67,4.00,4.00,2.00,4.67,数据映射
IMG_1709,2.67,2.33,1.67,3.00,1.67,光流
IMG_1710,2.00,3.00,3.00,2.33,2.33,着色器
IMG_1711,2.33,2.00,2.33,2.67,2.00,着色器
IMG_1712,1.67,4.00,2.00,4.33,1.67,粒子
IMG_1713,3.67,2.00,3.33,2.67,2.67,光流
IMG_1714,3.33,5.00,5.00,3.67,4.00,着色器
IMG_1715,3.33,5.00,4.00,4.33,3.67,故障
IMG_1716,3.00,4.00,2.33,4.33,3.00,噪声场
IMG_1717,2.00,3.00,4.00,4.00,2.33,故障
IMG_1718,2.33,2.33,5.00,2.33,2.33,数据映射
IMG_1719,1.67,3.67,3.00,4.33,1.67,粒子
IMG_1720,3.67,3.67,2.67,3.67,3.33,GAN 合成
IMG_1721,2.00,5.00,3.33,2.00,2.67,着色器
IMG_1722,2.00,2.00,3.00,3.33,2.67,分形
IMG_1723,2.33,3.33,4.00,4.00,2.67,光流
IMG_1724,2.00,2.67,2.33,3.67,2.00,GAN 合成
IMG_1725,3.67,4.67,4.00,4.33,4.33,粒子
IMG_1726,2.33,2.67,3.33,3.33,2.67,分形
IMG_1727,4.67,1.33,4.00,2.00,3.00,程序化纹理
IMG_1728,2.67,3.00,3.67,5.00,2.67,算法笔触
IMG_1729,2.67,4.33,2.67,4.67,3.33,粒子
IMG_1730,4.33,2.33,3.33,2.67,4.67,光流
IMG_1731,2.33,3.00,3.33,3.00,2.33,光流
IMG_1732,2.33,2.67,2.67,4.00,1.67,算法笔触
IMG_1733,2.33,2.00,3.33,2.00,1.67,程序化纹理
IMG_1734,3.00,4.67,3.67,4.00,3.67,粒子
IMG_1735,2.67,3.67,4.00,4.00,3.33,噪声场
IMG_1736,3.00,2.00,3.00,2.67,2.67,着色器
IMG_1737,3.33,2.67,2.67,3.33,2.33,程序化纹理
IMG_1738,3.00,1.67,1.33,3.00,2.00,光流
IMG_1739,3.67,2.00,3.33,2.67,2.00,光流
IMG_1740,2.00,4.67,3.33,5.00,3.00,粒子
IMG_1741,3.00,1.33,2.33,2.00,1.67,光流
IMG_1742,2.67,2.67,1.33,3.00,1.33,粒子
IMG_1743,3.33,2.00,3.00,1.33,2.67,体素
IMG_1744,2.33,4.00,2.67,4.67,2.33,噪声场
IMG_1745,3.67,5.00,3.67,4.67,4.33,粒子
IMG_1746,2.33,2.33,2.67,3.00,1.67,着色器
IMG_1747,2.33,1.67,4.00,3.33,2.33,分形
IMG_1748,3.67,3.00,2.00,4.00,4.33,粒子
IMG_1749,2.67,4.00,3.67,3.33,2.67,着色器
IMG_1750,4.00,3.00,2.33,2.67,2.67,数据映射
IMG_1751,3.00,2.00,1.00,3.00,1.33,GAN 合成
IMG_1752,2.33,1.33,2.33,4.33,2.33,分形
IMG_1753,2.00,2.33,4.33,3.67,2.33,程序化纹理
IMG_1754,1.67,4.00,3.00,5.00,3.00,故障
IMG_1755,3.33,3.33,3.67,2.00,3.00,数据映射
IMG_1756,2.00,3.00,4.00,3.33,2.00,光流
IMG_1757,2.00,1.00,3.33,2.33,2.00,光流
IMG_1758,3.33,3.00,2.33,3.33,3.00,着色器
IMG_1759,3.67,2.33,2.67,3.33,2.67,GAN 合成
IMG_1760,4.33,1.00,2.00,2.00,2.67,数据映射
IMG_1761,3.00,2.00,2.67,2.00,2.33,程序化纹理
IMG_1762,3.00,4.33,2.67,2.67,3.00,光流
IMG_1763,3.33,3.00,2.67,4.00,3.33,噪声场
IMG_1764,4.00,2.00,2.67,4.00,3.00,故障
IMG_1765,2.00,3.67,3.33,5.00,3.33,粒子
IMG_1766,4.33,2.67,3.67,3.67,4.67,粒子
IMG_1767,3.00,3.67,4.67,2.00,3.33,数据映射
IMG_1768,2.00,3.67,4.00,3.33,3.00,着色器
IMG_1769,4.00,2.00,3.67,2.33,2.33,数据映射
IMG_1770,3.67,4.33,3.00,5.00,4.00,粒子
IMG_1771,1.67,3.00,2.33,4.67,2.00,粒子
IMG_1772,2.00,5.00,3.67,4.33,3.33,粒子
IMG_1773,2.33,4.33,2.00,4.67,3.33,粒子
IMG_1774,2.33,2.67,2.00,4.00,2.33,粒子
IMG_1775,3.33,2.00,1.33,4.33,2.67,粒子
IMG_1776,2.67,2.33,2.00,2.33,1.67,程序化纹理
IMG_1777,2.00,4.67,3.67,3.33,3.00,光流
IMG_1778,3.33,2.67,3.33,3.00,3.67,GAN 合成
IMG_1779,1.67,4.00,3.33,4.33,3.00,粒子
IMG_1780,2.67,1.33,1.00,3.67,1.67,GAN 合成
IMG_1781,3.00,2.33,3.00,2.67,2.67,GAN 合成
IMG_1782,4.00,3.00,3.67,3.33,3.67,光流
IMG_1783,4.00,3.00,3.00,3.00,3.67,着色器
IMG_1784,4.67,3.33,2.00,4.00,4.00,粒子
IMG_1785,1.33,4.00,3.00,4.33,2.67,故障
IMG_1786,3.67,4.00,3.33,3.67,4.67,粒子
IMG_1787,3.67,1.00,3.00,2.33,2.33,程序化纹理
IMG_1788,1.67,3.00,4.00,3.00,2.67,程序化纹理
IMG_1789,1.67,2.67,3.33,4.00,2.00,光流
IMG_1790,3.33,1.00,2.67,1.67,1.67,GAN 合成
IMG_1791,2.67,1.67,4.33,2.67,2.67,体素
IMG_1792,1.67,4.33,2.67,4.67,2.67,分形
IMG_1793,2.00,3.00,4.00,3.67,2.33,故障
IMG_1794,2.00,4.00,4.00,4.00,3.00,粒子
IMG_1795,2.33,2.33,2.67,3.33,2.00,粒子
IMG_1796,4.67,3.67,3.67,4.33,4.67,故障
IMG_1797,3.00,1.33,3.33,2.67,2.33,光流
IMG_1798,2.33,4.33,3.33,4.67,2.33,故障
IMG_1799,2.00,3.00,3.33,4.33,3.00,着色器
IMG_1800,2.33,3.67,3.00,4.00,3.33,粒子
IMG_1801,4.33,4.33,5.00,2.67,5.00,GAN 合成
IMG_1802,4.67,2.33,3.00,2.33,4.00,GAN 合成
IMG_1803,3.33,4.33,4.00,4.00,4.33,粒子
IMG_1804,3.67,2.33,2.00,4.33,4.00,粒子
IMG_1805,3.33,3.00,3.00,3.00,3.00,粒子
IMG_1806,1.67,3.00,3.00,4.00,2.67,粒子
IMG_1807,2.00,4.67,4.00,4.00,3.67,噪声场
IMG_1808,2.00,1.33,2.33,4.33,1.67,算法笔触
IMG_1809,4.33,3.33,3.33,4.67,4.67,粒子
IMG_1810,2.00,4.67,3.67,5.00,3.00,粒子
IMG_1811,3.00,3.33,2.67,5.00,3.00,粒子
IMG_1812,2.00,2.33,3.00,4.00,2.67,程序化纹理
IMG_1813,4.00,2.33,3.00,2.33,2.33,像素拼贴
IMG_1814,2.67,3.00,2.33,4.00,2.33,粒子
IMG_1815,3.00,3.33,4.33,4.67,4.00,故障
IMG_1816,4.33,4.00,4.33,4.00,4.67,粒子
IMG_1817,2.33,4.67,2.67,5.00,3.67,粒子
IMG_1818,2.33,2.67,3.33,4.00,2.67,分形
IMG_1819,3.00,4.33,2.33,4.33,3.33,粒子
IMG_1820,4.00,3.00,4.00,2.00,4.33,GAN 合成
IMG_1821,3.67,3.00,3.00,4.67,5.00,粒子
IMG_1822,3.33,2.00,2.67,3.67,2.67,粒子
IMG_1823,4.00,1.00,3.33,1.33,2.67,程序化纹理
IMG_1824,3.00,3.33,3.00,4.00,3.67,粒子
IMG_1825,2.67,4.00,4.67,4.00,3.33,故障
IMG_1826,3.67,3.67,2.67,4.00,3.67,粒子
IMG_1827,4.00,2.33,3.67,2.00,3.67,数据映射
IMG_1828,3.33,3.00,1.67,3.67,2.00,粒子
IMG_1829,2.00,4.67,3.00,4.33,3.33,粒子
IMG_1830,4.33,4.33,4.00,3.33,5.00,粒子
IMG_1831,2.00,2.33,2.33,4.00,2.00,粒子
IMG_1832,4.00,3.33,3.33,4.00,3.67,粒子
IMG_1833,2.67,3.00,3.67,4.33,4.00,算法笔触
IMG_1834,3.00,1.33,2.67,2.33,2.67,GAN 合成
IMG_1835,4.00,2.33,1.67,4.00,3.33,粒子
IMG_1836,3.00,2.67,2.33,5.00,2.67,粒子
IMG_1837,4.00,3.33,2.33,4.33,3.67,粒子
IMG_1838,4.33,1.00,2.33,2.67,4.00,GAN 合成
IMG_1839,4.00,4.00,2.00,3.67,4.00,粒子
IMG_1840,3.33,1.67,3.33,2.33,2.00,GAN 合成
IMG_1841,3.00,1.67,1.33,4.00,2.00,粒子
IMG_1842,2.00,2.33,3.00,2.33,1.67,粒子
IMG_1843,3.33,4.00,3.00,5.00,4.00,粒子
IMG_1844,4.00,2.67,2.67,3.67,4.00,粒子
IMG_1845,1.67,5.00,4.33,3.00,2.33,着色器
IMG_1846,2.00,5.00,3.00,3.67,2.33,粒子
IMG_1847,2.33,2.67,3.33,4.33,2.33,粒子
IMG_1848,3.00,4.00,3.33,5.00,4.00,粒子
IMG_1849,4.67,3.33,5.00,3.67,5.00,分形
IMG_1850,3.00,3.33,1.67,3.67,2.67,粒子
IMG_1851,3.00,2.33,4.33,2.33,3.67,程序化纹理
IMG_1852,3.33,3.33,2.67,4.00,3.00,粒子
IMG_1853,3.00,3.67,2.33,3.67,2.33,粒子
IMG_1854,4.33,2.33,3.67,2.33,4.00,数据映射
IMG_1855,4.00,1.67,3.00,3.67,3.00,光流
IMG_1856,3.00,3.67,3.00,4.67,3.67,粒子
IMG_1857,4.00,3.67,2.33,4.67,3.67,粒子
IMG_1858,2.00,2.00,2.33,3.33,2.00,粒子
IMG_1859,3.00,2.00,2.67,4.33,2.67,算法笔触
IMG_1860,4.33,1.67,2.00,2.67,3.00,光流
IMG_1861,3.00,4.33,3.00,4.33,2.67,粒子
IMG_1862,2.00,1.33,2.67,2.00,2.00,GAN 合成
IMG_1863,3.00,1.67,3.00,4.00,2.67,粒子
IMG_1864,4.67,2.67,4.00,2.67,4.00,粒子
IMG_1865,2.67,1.67,2.33,2.00,1.33,体素
IMG_1866,3.00,2.33,3.33,3.33,3.33,光流
IMG_1867,3.67,3.00,1.67,4.33,4.00,粒子
IMG_1868,2.67,2.00,2.67,3.33,1.67,程序化纹理
IMG_1869,3.33,5.00,2.00,5.00,3.67,粒子
IMG_1870,2.00,4.00,2.00,5.00,2.00,粒子
IMG_1871,4.00,3.33,2.67,4.00,3.67,粒子
IMG_1872,2.33,3.00,4.00,3.33,2.67,粒子
IMG_1873,1.67,3.00,3.00,5.00,2.33,粒子
IMG_1874,4.00,1.33,3.67,2.33,2.67,体素
IMG_1875,5.00,4.00,3.33,4.33,5.00,粒子
IMG_1876,3.33,3.00,3.00,4.00,3.00,算法笔触
IMG_1877,2.67,3.33,3.00,5.00,3.00,粒子
IMG_1878,3.00,3.67,2.00,2.00,2.33,像素拼贴
IMG_1879,1.33,4.00,2.67,4.67,2.33,粒子
IMG_1880,4.67,3.00,3.00,2.67,4.33,GAN 合成
IMG_1881,3.00,1.67,3.67,3.33,2.67,光流
IMG_1882,3.33,2.67,4.00,3.67,3.00,粒子
IMG_1883,3.00,3.33,3.00,4.00,3.33,粒子
IMG_1884,2.67,4.33,3.33,4.67,4.33,粒子
IMG_1885,1.67,3.67,3.00,4.33,2.67,粒子
IMG_1886,3.67,2.00,2.67,3.33,3.00,程序化纹理
IMG_1887,3.33,2.00,2.00,3.00,2.33,程序化纹理
IMG_1888,4.00,2.00,1.67,3.67,2.67,程序化纹理
IMG_1889,2.00,2.33,2.00,4.33,2.33,算法笔触
IMG_1890,2.67,2.67,3.00,3.00,2.33,光流
IMG_1891,4.67,3.33,4.00,3.67,4.33,故障
IMG_1892,2.67,3.33,3.00,3.33,2.33,程序化纹理
IMG_1893,4.00,3.67,3.00,4.33,3.67,粒子
IMG_1894,4.33,2.33,3.00,3.33,4.00,粒子
IMG_1895,2.33,3.33,2.33,4.00,2.67,粒子
IMG_1896,2.00,3.00,2.67,3.67,2.00,粒子
IMG_1897,3.33,2.67,2.00,4.33,3.00,粒子
IMG_1898,3.67,2.67,3.00,2.33,3.67,光流
IMG_1899,2.67,3.67,2.33,5.00,3.00,粒子
IMG_1900,4.67,3.67,4.67,4.00,5.00,故障
IMG_1901,3.67,2.67,2.33,2.67,3.00,着色器
IMG_1902,3.33,2.33,3.33,1.67,2.67,像素拼贴
IMG_1903,4.00,1.67,2.67,2.00,3.00,像素拼贴
IMG_1904,3.33,3.67,4.00,3.00,4.00,粒子
IMG_1905,3.67,2.00,4.67,2.33,4.00,光流
IMG_1906,3.00,4.33,3.33,4.33,3.67,粒子
IMG_1907,2.67,2.33,2.33,2.67,2.33,着色器
IMG_1908,4.00,2.33,4.00,2.67,3.00,GAN 合成
IMG_1909,3.33,3.67,4.67,2.67,3.67,数据映射
IMG_1910,3.00,4.00,4.00,3.00,3.67,粒子
IMG_1911,4.67,2.00,3.00,3.33,4.33,像素拼贴
IMG_1912,2.67,3.00,3.33,3.67,2.00,程序化纹理
IMG_1913,4.33,2.00,2.67,2.33,3.00,像素拼贴
IMG_1914,3.00,2.67,2.67,3.00,2.67,粒子
IMG_1915,3.00,1.67,3.00,1.67,2.00,程序化纹理
IMG_1916,2.33,3.67,2.33,3.00,2.33,粒子
IMG_1917,4.00,3.67,3.67,4.00,4.33,故障
IMG_1918,2.67,2.33,2.00,1.67,1.33,像素拼贴
IMG_1919,3.00,3.33,2.33,4.00,3.67,粒子
IMG_1920,2.33,2.33,4.00,2.33,3.33,着色器
IMG_1921,3.33,1.33,1.67,2.67,1.67,GAN 合成
IMG_1922,3.67,4.33,4.67,2.33,3.33,着色器
IMG_1923,4.00,2.33,2.33,3.67,4.00,粒子
IMG_1924,3.67,3.00,3.67,2.33,3.67,程序化纹理
IMG_1925,3.33,1.33,3.67,3.00,1.67,程序化纹理
IMG_1926,4.00,2.00,3.67,2.33,3.00,像素拼贴
IMG_1927,3.00,4.67,3.00,3.67,3.33,粒子
IMG_1928,3.00,2.67,3.33,2.00,2.33,GAN 合成
IMG_1929,5.00,1.33,2.67,2.33,3.67,GAN 合成
IMG_1930,4.33,2.33,1.67,2.67,3.33,粒子
IMG_1931,3.67,2.00,4.33,2.33,3.00,像素拼贴
IMG_1932,3.67,3.00,3.67,2.67,3.67,着色器
IMG_1933,3.33,2.33,2.67,3.00,3.00,程序化纹理
IMG_1934,3.33,4.33,3.33,2.33,3.33,着色器
IMG_1935,4.00,2.00,3.00,2.33,3.33,像素拼贴
IMG_1936,3.00,1.67,2.00,2.67,2.00,GAN 合成
IMG_1937,4.00,3.00,4.00,3.33,3.33,粒子
IMG_1938,4.00,2.00,2.33,2.67,3.00,程序化纹理
IMG_1939,4.00,3.00,3.33,2.67,3.67,粒子
IMG_1940,1.67,3.33,4.00,4.33,3.00,粒子
IMG_1941,3.33,1.33,3.33,2.00,3.33,GAN 合成
IMG_1942,3.33,2.67,3.33,2.00,3.33,像素拼贴
IMG_1943,3.67,3.67,3.33,3.00,4.00,像素拼贴
IMG_1944,4.33,2.33,3.67,2.33,2.67,像素拼贴
IMG_1945,3.00,4.67,3.67,4.33,3.33,粒子
IMG_1946,3.33,2.33,3.67,2.33,3.33,像素拼贴
IMG_1947,2.67,4.00,4.00,3.33,4.33,粒子
IMG_1948,4.33,1.67,3.67,2.00,2.67,像素拼贴
IMG_1949,4.00,4.67,3.67,4.00,4.33,粒子
IMG_1950,3.33,1.00,2.67,1.67,2.00,光流
IMG_1951,3.67,5.00,3.33,4.00,3.67,粒子
IMG_1952,4.00,2.67,3.00,5.00,4.00,算法笔触
IMG_1953,2.00,4.33,4.00,2.67,2.67,着色器
IMG_1954,2.67,3.67,2.33,3.33,3.00,光流
IMG_1955,3.67,3.67,5.00,3.00,4.00,数据映射
IMG_1956,2.67,5.00,2.67,4.00,3.00,粒子
IMG_1957,5.00,3.33,3.67,4.00,4.67,算法笔触
IMG_1958,3.67,3.00,3.67,3.00,4.33,粒子
IMG_1959,2.33,3.33,2.67,3.33,1.00,着色器
IMG_1960,4.00,2.00,3.00,2.67,3.33,GAN 合成
IMG_1961,4.00,2.33,3.33,1.67,3.33,数据映射
IMG_1962,3.00,2.33,3.00,3.33,3.00,光流
IMG_1963,2.67,2.67,1.33,2.67,1.67,程序化纹理
IMG_1964,3.67,4.00,4.33,3.33,4.67,粒子
IMG_1965,2.67,3.00,3.67,3.00,3.00,粒子
IMG_1966,4.00,3.33,3.00,4.33,4.00,粒子
IMG_1967,3.00,3.33,3.67,3.33,3.00,粒子
IMG_1968,3.33,2.67,2.33,2.33,2.67,着色器
IMG_1969,3.33,4.00,2.67,3.33,3.00,光流
IMG_1970,2.67,2.67,3.33,4.00,3.00,粒子
IMG_1971,4.00,3.00,4.00,3.67,4.00,粒子
IMG_1972,3.00,4.67,4.67,3.33,3.67,粒子
IMG_1973,3.00,2.67,4.00,3.67,3.00,程序化纹理
IMG_1974,2.33,1.67,2.00,2.67,1.33,光流
IMG_1975,4.00,4.00,4.33,2.33,4.00,着色器
IMG_1976,2.33,3.33,5.00,3.00,3.33,着色器
IMG_1977,2.67,5.00,4.00,3.67,4.00,粒子
IMG_1978,2.33,2.67,2.67,3.67,1.33,光流
IMG_1979,4.00,2.00,3.67,1.33,3.00,像素拼贴
IMG_1980,3.33,2.33,5.00,2.00,4.00,程序化纹理
IMG_1981,3.00,1.33,2.33,4.33,2.67,粒子
IMG_1982,4.33,4.33,4.00,3.00,4.00,粒子
IMG_1983,5.00,2.67,5.00,1.67,4.00,像素拼贴
IMG_1984,3.33,2.67,3.67,2.33,2.33,数据映射
IMG_1985,4.33,1.67,3.67,2.33,3.67,体素
IMG_1986,4.33,3.00,2.33,3.00,3.33,粒子
IMG_1987,4.33,2.67,4.00,2.00,3.33,数据映射
IMG_1988,1.67,2.67,4.33,4.00,3.33,程序化纹理
IMG_1989,4.67,3.00,2.00,2.00,2.67,粒子
IMG_1990,3.00,4.00,3.00,4.67,3.67,粒子
IMG_1991,2.67,3.67,3.00,4.33,3.33,粒子
IMG_1992,2.67,2.67,3.00,3.00,2.33,粒子
IMG_1993,3.00,1.67,1.67,2.00,2.00,GAN 合成
IMG_1994,3.00,3.67,5.00,1.67,4.33,像素拼贴
IMG_1995,3.33,4.67,3.33,3.67,3.67,粒子
IMG_1996,3.67,2.33,1.33,2.33,2.00,着色器
IMG_1997,5.00,4.00,2.67,4.00,5.00,粒子
IMG_1998,5.00,3.00,3.67,3.33,5.00,分形
IMG_1999,3.33,3.00,3.67,2.33,4.00,粒子
IMG_2000,3.67,1.33,3.33,2.33,2.33,着色器
