path,class,prompt,source_id
images/artbench_0000_post_impressionism.jpg,post_impressionism,a post-impressionism painting,0
images/artbench_0001_post_impressionism.jpg,post_impressionism,a post-impressionism painting,1
images/artbench_0002_post_impressionism.jpg,post_impressionism,a post-impressionism painting,2
images/artbench_0003_post_impressionism.jpg,post_impressionism,a post-impressionism painting,3
images/artbench_0004_post_impressionism.jpg,post_impressionism,a post-impressionism painting,4
images/artbench_0005_post_impressionism.jpg,post_impressionism,a post-impressionism painting,5
images/artbench_0006_post_impressionism.jpg,post_impressionism,a post-impressionism painting,6
images/artbench_0007_post_impressionism.jpg,post_impressionism,a post-impressionism painting,7
images/artbench_0008_post_impressionism.jpg,post_impressionism,a post-impressionism painting,8
images/artbench_0009_post_impressionism.jpg,post_impressionism,a post-impressionism painting,9
images/artbench_0010_post_impressionism.jpg,post_impressionism,a post-impressionism painting,10
images/artbench_0011_post_impressionism.jpg,post_impressionism,a post-impressionism painting,11
images/artbench_0012_post_impressionism.jpg,post_impressionism,a post-impressionism painting,12
images/artbench_0013_post_impressionism.jpg,post_impressionism,a post-impressionism painting,13
images/artbench_0014_post_impressionism.jpg,post_impressionism,a post-impressionism painting,14
images/artbench_0015_post_impressionism.jpg,post_impressionism,a post-impressionism painting,15
images/artbench_0016_post_impressionism.jpg,post_impressionism,a post-impressionism painting,16
images/artbench_0017_post_impressionism.jpg,post_impressionism,a post-impressionism painting,17
images/artbench_0018_post_impressionism.jpg,post_impressionism,a post-impressionism painting,18
images/artbench_0019_post_impressionism.jpg,post_impressionism,a post-impressionism painting,19
images/artbench_0020_post_impressionism.jpg,post_impressionism,a post-impressionism painting,20
images/artbench_0021_post_impressionism.jpg,post_impressionism,a post-impressionism painting,21
images/artbench_0022_post_impressionism.jpg,post_impressionism,a post-impressionism painting,22
images/artbench_0023_post_impressionism.jpg,post_impressionism,a post-impressionism painting,23
images/artbench_0024_post_impressionism.jpg,post_impressionism,a post-impressionism painting,24
images/artbench_0025_post_impressionism.jpg,post_impressionism,a post-impressionism painting,25
images/artbench_0026_post_impressionism.jpg,post_impressionism,a post-impressionism painting,26
images/artbench_0027_post_impressionism.jpg,post_impressionism,a post-impressionism painting,27
images/artbench_0028_post_impressionism.jpg,post_impressionism,a post-impressionism painting,28
images/artbench_0029_post_impressionism.jpg,post_impressionism,a post-impressionism painting,29
images/artbench_0030_post_impressionism.jpg,post_impressionism,a post-impressionism painting,30
images/artbench_0031_post_impressionism.jpg,post_impressionism,a post-impressionism painting,31
images/artbench_0032_post_impressionism.jpg,post_impressionism,a post-impressionism painting,32
images/artbench_0033_post_impressionism.jpg,post_impressionism,a post-impressionism painting,33
images/artbench_0034_post_impressionism.jpg,post_impressionism,a post-impressionism painting,34
images/artbench_0035_post_impressionism.jpg,post_impressionism,a post-impressionism painting,35
images/artbench_0036_post_impressionism.jpg,post_impressionism,a post-impressionism painting,36
images/artbench_0037_post_impressionism.jpg,post_impressionism,a post-impressionism painting,37
images/artbench_0038_post_impressionism.jpg,post_impressionism,a post-impressionism painting,38
images/artbench_0039_post_impressionism.jpg,post_impressionism,a post-impressionism painting,39
images/artbench_0040_post_impressionism.jpg,post_impressionism,a post-impressionism painting,40
images/artbench_0041_post_impressionism.jpg,post_impressionism,a post-impressionism painting,41
images/artbench_0042_post_impressionism.jpg,post_impressionism,a post-impressionism painting,42
images/artbench_0043_post_impressionism.jpg,post_impressionism,a post-impressionism painting,43
images/artbench_0044_post_impressionism.jpg,post_impressionism,a post-impressionism painting,44
images/artbench_0045_post_impressionism.jpg,post_impressionism,a post-impressionism painting,45
images/artbench_0046_post_impressionism.jpg,post_impressionism,a post-impressionism painting,46
images/artbench_0047_post_impressionism.jpg,post_impressionism,a post-impressionism painting,47
images/artbench_0048_post_impressionism.jpg,post_impressionism,a post-impressionism painting,48
images/artbench_0049_post_impressionism.jpg,post_impressionism,a post-impressionism painting,49
images/artbench_0050_post_impressionism.jpg,post_impressionism,a post-impressionism painting,50
images/artbench_0051_post_impressionism.jpg,post_impressionism,a post-impressionism painting,51
images/artbench_0052_post_impressionism.jpg,post_impressionism,a post-impressionism painting,52
images/artbench_0053_post_impressionism.jpg,post_impressionism,a post-impressionism painting,53
images/artbench_0054_post_impressionism.jpg,post_impressionism,a post-impressionism painting,54
images/artbench_0055_post_impressionism.jpg,post_impressionism,a post-impressionism painting,55
images/artbench_0056_post_impressionism.jpg,post_impressionism,a post-impressionism painting,56
images/artbench_0057_post_impressionism.jpg,post_impressionism,a post-impressionism painting,57
images/artbench_0058_post_impressionism.jpg,post_impressionism,a post-impressionism painting,58
images/artbench_0059_post_impressionism.jpg,post_impressionism,a post-impressionism painting,59
images/artbench_0060_post_impressionism.jpg,post_impressionism,a post-impressionism painting,60
images/artbench_0061_post_impressionism.jpg,post_impressionism,a post-impressionism painting,61
images/artbench_0062_post_impressionism.jpg,post_impressionism,a post-impressionism painting,62
images/artbench_0063_post_impressionism.jpg,post_impressionism,a post-impressionism painting,63
images/artbench_0064_post_impressionism.jpg,post_impressionism,a post-impressionism painting,64
images/artbench_0065_post_impressionism.jpg,post_impressionism,a post-impressionism painting,65
images/artbench_0066_post_impressionism.jpg,post_impressionism,a post-impressionism painting,66
images/artbench_0067_post_impressionism.jpg,post_impressionism,a post-impressionism painting,67
images/artbench_0068_post_impressionism.jpg,post_impressionism,a post-impressionism painting,68
images/artbench_0069_post_impressionism.jpg,post_impressionism,a post-impressionism painting,69
images/artbench_0070_post_impressionism.jpg,post_impressionism,a post-impressionism painting,70
images/artbench_0071_post_impressionism.jpg,post_impressionism,a post-impressionism painting,71
images/artbench_0072_post_impressionism.jpg,post_impressionism,a post-impressionism painting,72
images/artbench_0073_post_impressionism.jpg,post_impressionism,a post-impressionism painting,73
images/artbench_0074_post_impressionism.jpg,post_impressionism,a post-impressionism painting,74
images/artbench_0075_post_impressionism.jpg,post_impressionism,a post-impressionism painting,75
images/artbench_0076_post_impressionism.jpg,post_impressionism,a post-impressionism painting,76
images/artbench_0077_post_impressionism.jpg,post_impressionism,a post-impressionism painting,77
images/artbench_0078_post_impressionism.jpg,post_impressionism,a post-impressionism painting,78
images/artbench_0079_post_impressionism.jpg,post_impressionism,a post-impressionism painting,79
images/artbench_0080_post_impressionism.jpg,post_impressionism,a post-impressionism painting,80
images/artbench_0081_post_impressionism.jpg,post_impressionism,a post-impressionism painting,81
images/artbench_0082_post_impressionism.jpg,post_impressionism,a post-impressionism painting,82
images/artbench_0083_post_impressionism.jpg,post_impressionism,a post-impressionism painting,83
images/artbench_0084_post_impressionism.jpg,post_impressionism,a post-impressionism painting,84
images/artbench_0085_post_impressionism.jpg,post_impressionism,a post-impressionism painting,85
images/artbench_0086_post_impressionism.jpg,post_impressionism,a post-impressionism painting,86
images/artbench_0087_post_impressionism.jpg,post_impressionism,a post-impressionism painting,87
images/artbench_0088_post_impressionism.jpg,post_impressionism,a post-impressionism painting,88
images/artbench_0089_post_impressionism.jpg,post_impressionism,a post-impressionism painting,89
images/artbench_0090_post_impressionism.jpg,post_impressionism,a post-impressionism painting,90
images/artbench_0091_post_impressionism.jpg,post_impressionism,a post-impressionism painting,91
images/artbench_0092_post_impressionism.jpg,post_impressionism,a post-impressionism painting,92
images/artbench_0093_post_impressionism.jpg,post_impressionism,a post-impressionism painting,93
images/artbench_0094_post_impressionism.jpg,post_impressionism,a post-impressionism painting,94
images/artbench_0095_post_impressionism.jpg,post_impressionism,a post-impressionism painting,95
images/artbench_0096_post_impressionism.jpg,post_impressionism,a post-impressionism painting,96
images/artbench_0097_post_impressionism.jpg,post_impressionism,a post-impressionism painting,97
images/artbench_0098_post_impressionism.jpg,post_impressionism,a post-impressionism painting,98
images/artbench_0099_post_impressionism.jpg,post_impressionism,a post-impressionism painting,99
images/artbench_0100_ukiyo_e.jpg,ukiyo_e,a ukiyo-e painting,100
images/artbench_0101_ukiyo_e.jpg,ukiyo_e,a ukiyo-e painting,101
images/artbench_0102_ukiyo_e.jpg,ukiyo_e,a ukiyo-e painting,102
images/artbench_0103_ukiyo_e.jpg,ukiyo_e,a ukiyo-e painting,103
images/artbench_0104_ukiyo_e.jpg,ukiyo_e,a ukiyo-e painting,104
images/artbench_0105_ukiyo_e.jpg,ukiyo_e,a ukiyo-e painting,105
images/artbench_0106_ukiyo_e.jpg,ukiyo_e,a ukiyo-e painting,106
images/artbench_0107_ukiyo_e.jpg,ukiyo_e,a ukiyo-e painting,107
images/artbench_0108_ukiyo_e.jpg,ukiyo_e,a ukiyo-e painting,108
images/artbench_0109_ukiyo_e.jpg,ukiyo_e,a ukiyo-e painting,109
images/artbench_0110_ukiyo_e.jpg,ukiyo_e,a ukiyo-e painting,110
images/artbench_0111_ukiyo_e.jpg,ukiyo_e,a ukiyo-e painting,111
images/artbench_0112_ukiyo_e.jpg,ukiyo_e,a ukiyo-e painting,112
images/artbench_0113_ukiyo_e.jpg,ukiyo_e,a ukiyo-e painting,113
images/artbench_0114_ukiyo_e.jpg,ukiyo_e,a ukiyo-e painting,114
images/artbench_0115_ukiyo_e.jpg,ukiyo_e,a ukiyo-e painting,115
images/artbench_0116_ukiyo_e.jpg,ukiyo_e,a ukiyo-e painting,116
images/artbench_0117_ukiyo_e.jpg,ukiyo_e,a ukiyo-e painting,117
images/artbench_0118_ukiyo_e.jpg,ukiyo_e,a ukiyo-e painting,118
images/artbench_0119_ukiyo_e.jpg,ukiyo_e,a ukiyo-e painting,119
images/artbench_0120_ukiyo_e.jpg,ukiyo_e,a ukiyo-e painting,120
images/artbench_0121_ukiyo_e.jpg,ukiyo_e,a ukiyo-e painting,121
images/artbench_0122_ukiyo_e.jpg,ukiyo_e,a ukiyo-e painting,122
images/artbench_0123_ukiyo_e.jpg,ukiyo_e,a ukiyo-e painting,123
images/artbench_0124_ukiyo_e.jpg,ukiyo_e,a ukiyo-e painting,124
images/artbench_0125_ukiyo_e.jpg,ukiyo_e,a ukiyo-e painting,125
images/artbench_0126_ukiyo_e.jpg,ukiyo_e,a ukiyo-e painting,126
images/artbench_0127_ukiyo_e.jpg,ukiyo_e,a ukiyo-e painting,127
images/artbench_0128_ukiyo_e.jpg,ukiyo_e,a ukiyo-e painting,128
images/artbench_0129_ukiyo_e.jpg,ukiyo_e,a ukiyo-e painting,129
images/artbench_0130_ukiyo_e.jpg,ukiyo_e,a ukiyo-e painting,130
images/artbench_0131_ukiyo_e.jpg,ukiyo_e,a ukiyo-e painting,131
images/artbench_0132_ukiyo_e.jpg,ukiyo_e,a ukiyo-e painting,132
images/artbench_0133_ukiyo_e.jpg,ukiyo_e,a ukiyo-e painting,133
images/artbench_0134_ukiyo_e.jpg,ukiyo_e,a ukiyo-e painting,134
images/artbench_0135_ukiyo_e.jpg,ukiyo_e,a ukiyo-e painting,135
images/artbench_0136_ukiyo_e.jpg,ukiyo_e,a ukiyo-e painting,136
images/artbench_0137_ukiyo_e.jpg,ukiyo_e,a ukiyo-e painting,137
images/artbench_0138_ukiyo_e.jpg,ukiyo_e,a ukiyo-e painting,138
images/artbench_0139_ukiyo_e.jpg,ukiyo_e,a ukiyo-e painting,139
images/artbench_0140_ukiyo_e.jpg,ukiyo_e,a ukiyo-e painting,140
images/artbench_0141_ukiyo_e.jpg,ukiyo_e,a ukiyo-e painting,141
images/artbench_0142_ukiyo_e.jpg,ukiyo_e,a ukiyo-e painting,142
images/artbench_0143_ukiyo_e.jpg,ukiyo_e,a ukiyo-e painting,143
images/artbench_0144_ukiyo_e.jpg,ukiyo_e,a ukiyo-e painting,144
images/artbench_0145_ukiyo_e.jpg,ukiyo_e,a ukiyo-e painting,145
images/artbench_0146_ukiyo_e.jpg,ukiyo_e,a ukiyo-e painting,146
images/artbench_0147_ukiyo_e.jpg,ukiyo_e,a ukiyo-e painting,147
images/artbench_0148_ukiyo_e.jpg,ukiyo_e,a ukiyo-e painting,148
images/artbench_0149_ukiyo_e.jpg,ukiyo_e,a ukiyo-e painting,149
images/artbench_0150_ukiyo_e.jpg,ukiyo_e,a ukiyo-e painting,150
images/artbench_0151_ukiyo_e.jpg,ukiyo_e,a ukiyo-e painting,151
images/artbench_0152_ukiyo_e.jpg,ukiyo_e,a ukiyo-e painting,152
images/artbench_0153_ukiyo_e.jpg,ukiyo_e,a ukiyo-e painting,153
images/artbench_0154_ukiyo_e.jpg,ukiyo_e,a ukiyo-e painting,154
images/artbench_0155_ukiyo_e.jpg,ukiyo_e,a ukiyo-e painting,155
images/artbench_0156_ukiyo_e.jpg,ukiyo_e,a ukiyo-e painting,156
images/artbench_0157_ukiyo_e.jpg,ukiyo_e,a ukiyo-e painting,157
images/artbench_0158_ukiyo_e.jpg,ukiyo_e,a ukiyo-e painting,158
images/artbench_0159_ukiyo_e.jpg,ukiyo_e,a ukiyo-e painting,159
images/artbench_0160_ukiyo_e.jpg,ukiyo_e,a ukiyo-e painting,160
images/artbench_0161_ukiyo_e.jpg,ukiyo_e,a ukiyo-e painting,161
images/artbench_0162_ukiyo_e.jpg,ukiyo_e,a ukiyo-e painting,162
images/artbench_0163_ukiyo_e.jpg,ukiyo_e,a ukiyo-e painting,163
images/artbench_0164_ukiyo_e.jpg,ukiyo_e,a ukiyo-e painting,164
images/artbench_0165_ukiyo_e.jpg,ukiyo_e,a ukiyo-e painting,165
images/artbench_0166_ukiyo_e.jpg,ukiyo_e,a ukiyo-e painting,166
images/artbench_0167_ukiyo_e.jpg,ukiyo_e,a ukiyo-e painting,167
images/artbench_0168_ukiyo_e.jpg,ukiyo_e,a ukiyo-e painting,168
images/artbench_0169_ukiyo_e.jpg,ukiyo_e,a ukiyo-e painting,169
images/artbench_0170_ukiyo_e.jpg,ukiyo_e,a ukiyo-e painting,170
images/artbench_0171_ukiyo_e.jpg,ukiyo_e,a ukiyo-e painting,171
images/artbench_0172_ukiyo_e.jpg,ukiyo_e,a ukiyo-e painting,172
images/artbench_0173_ukiyo_e.jpg,ukiyo_e,a ukiyo-e painting,173
images/artbench_0174_ukiyo_e.jpg,ukiyo_e,a ukiyo-e painting,174
images/artbench_0175_ukiyo_e.jpg,ukiyo_e,a ukiyo-e painting,175
images/artbench_0176_ukiyo_e.jpg,ukiyo_e,a ukiyo-e painting,176
images/artbench_0177_ukiyo_e.jpg,ukiyo_e,a ukiyo-e painting,177
images/artbench_0178_ukiyo_e.jpg,ukiyo_e,a ukiyo-e painting,178
images/artbench_0179_ukiyo_e.jpg,ukiyo_e,a ukiyo-e painting,179
images/artbench_0180_ukiyo_e.jpg,ukiyo_e,a ukiyo-e painting,180
images/artbench_0181_ukiyo_e.jpg,ukiyo_e,a ukiyo-e painting,181
images/artbench_0182_ukiyo_e.jpg,ukiyo_e,a ukiyo-e painting,182
images/artbench_0183_ukiyo_e.jpg,ukiyo_e,a ukiyo-e painting,183
images/artbench_0184_ukiyo_e.jpg,ukiyo_e,a ukiyo-e painting,184
images/artbench_0185_ukiyo_e.jpg,ukiyo_e,a ukiyo-e painting,185
images/artbench_0186_ukiyo_e.jpg,ukiyo_e,a ukiyo-e painting,186
images/artbench_0187_ukiyo_e.jpg,ukiyo_e,a ukiyo-e painting,187
images/artbench_0188_ukiyo_e.jpg,ukiyo_e,a ukiyo-e painting,188
images/artbench_0189_ukiyo_e.jpg,ukiyo_e,a ukiyo-e painting,189
images/artbench_0190_ukiyo_e.jpg,ukiyo_e,a ukiyo-e painting,190
images/artbench_0191_ukiyo_e.jpg,ukiyo_e,a ukiyo-e painting,191
images/artbench_0192_ukiyo_e.jpg,ukiyo_e,a ukiyo-e painting,192
images/artbench_0193_ukiyo_e.jpg,ukiyo_e,a ukiyo-e painting,193
images/artbench_0194_ukiyo_e.jpg,ukiyo_e,a ukiyo-e painting,194
images/artbench_0195_ukiyo_e.jpg,ukiyo_e,a ukiyo-e painting,195
images/artbench_0196_ukiyo_e.jpg,ukiyo_e,a ukiyo-e painting,196
images/artbench_0197_ukiyo_e.jpg,ukiyo_e,a ukiyo-e painting,197
images/artbench_0198_ukiyo_e.jpg,ukiyo_e,a ukiyo-e painting,198
images/artbench_0199_ukiyo_e.jpg,ukiyo_e,a ukiyo-e painting,199
images/artbench_0200_expressionism.jpg,expressionism,an expressionism painting,200
images/artbench_0201_expressionism.jpg,expressionism,an expressionism painting,201
images/artbench_0202_expressionism.jpg,expressionism,an expressionism painting,202
images/artbench_0203_expressionism.jpg,expressionism,an expressionism painting,203
images/artbench_0204_expressionism.jpg,expressionism,an expressionism painting,204
images/artbench_0205_expressionism.jpg,expressionism,an expressionism painting,205
images/artbench_0206_expressionism.jpg,expressionism,an expressionism painting,206
images/artbench_0207_expressionism.jpg,expressionism,an expressionism painting,207
images/artbench_0208_expressionism.jpg,expressionism,an expressionism painting,208
images/artbench_0209_expressionism.jpg,expressionism,an expressionism painting,209
images/artbench_0210_expressionism.jpg,expressionism,an expressionism painting,210
images/artbench_0211_expressionism.jpg,expressionism,an expressionism painting,211
images/artbench_0212_expressionism.jpg,expressionism,an expressionism painting,212
images/artbench_0213_expressionism.jpg,expressionism,an expressionism painting,213
images/artbench_0214_expressionism.jpg,expressionism,an expressionism painting,214
images/artbench_0215_expressionism.jpg,expressionism,an expressionism painting,215
images/artbench_0216_expressionism.jpg,expressionism,an expressionism painting,216
images/artbench_0217_expressionism.jpg,expressionism,an expressionism painting,217
images/artbench_0218_expressionism.jpg,expressionism,an expressionism painting,218
images/artbench_0219_expressionism.jpg,expressionism,an expressionism painting,219
images/artbench_0220_expressionism.jpg,expressionism,an expressionism painting,220
images/artbench_0221_expressionism.jpg,expressionism,an expressionism painting,221
images/artbench_0222_expressionism.jpg,expressionism,an expressionism painting,222
images/artbench_0223_expressionism.jpg,expressionism,an expressionism painting,223
images/artbench_0224_expressionism.jpg,expressionism,an expressionism painting,224
images/artbench_0225_expressionism.jpg,expressionism,an expressionism painting,225
images/artbench_0226_expressionism.jpg,expressionism,an expressionism painting,226
images/artbench_0227_expressionism.jpg,expressionism,an expressionism painting,227
images/artbench_0228_expressionism.jpg,expressionism,an expressionism painting,228
images/artbench_0229_expressionism.jpg,expressionism,an expressionism painting,229
images/artbench_0230_expressionism.jpg,expressionism,an expressionism painting,230
images/artbench_0231_expressionism.jpg,expressionism,an expressionism painting,231
images/artbench_0232_expressionism.jpg,expressionism,an expressionism painting,232
images/artbench_0233_expressionism.jpg,expressionism,an expressionism painting,233
images/artbench_0234_expressionism.jpg,expressionism,an expressionism painting,234
images/artbench_0235_expressionism.jpg,expressionism,an expressionism painting,235
images/artbench_0236_expressionism.jpg,expressionism,an expressionism painting,236
images/artbench_0237_expressionism.jpg,expressionism,an expressionism painting,237
images/artbench_0238_expressionism.jpg,expressionism,an expressionism painting,238
images/artbench_0239_expressionism.jpg,expressionism,an expressionism painting,239
images/artbench_0240_expressionism.jpg,expressionism,an expressionism painting,240
images/artbench_0241_expressionism.jpg,expressionism,an expressionism painting,241
images/artbench_0242_expressionism.jpg,expressionism,an expressionism painting,242
images/artbench_0243_expressionism.jpg,expressionism,an expressionism painting,243
images/artbench_0244_expressionism.jpg,expressionism,an expressionism painting,244
images/artbench_0245_expressionism.jpg,expressionism,an expressionism painting,245
images/artbench_0246_expressionism.jpg,expressionism,an expressionism painting,246
images/artbench_0247_expressionism.jpg,expressionism,an expressionism painting,247
images/artbench_0248_expressionism.jpg,expressionism,an expressionism painting,248
images/artbench_0249_expressionism.jpg,expressionism,an expressionism painting,249
images/artbench_0250_expressionism.jpg,expressionism,an expressionism painting,250
images/artbench_0251_expressionism.jpg,expressionism,an expressionism painting,251
images/artbench_0252_expressionism.jpg,expressionism,an expressionism painting,252
images/artbench_0253_expressionism.jpg,expressionism,an expressionism painting,253
images/artbench_0254_expressionism.jpg,expressionism,an expressionism painting,254
images/artbench_0255_expressionism.jpg,expressionism,an expressionism painting,255
images/artbench_0256_expressionism.jpg,expressionism,an expressionism painting,256
images/artbench_0257_expressionism.jpg,expressionism,an expressionism painting,257
images/artbench_0258_expressionism.jpg,expressionism,an expressionism painting,258
images/artbench_0259_expressionism.jpg,expressionism,an expressionism painting,259
images/artbench_0260_expressionism.jpg,expressionism,an expressionism painting,260
images/artbench_0261_expressionism.jpg,expressionism,an expressionism painting,261
images/artbench_0262_expressionism.jpg,expressionism,an expressionism painting,262
images/artbench_0263_expressionism.jpg,expressionism,an expressionism painting,263
images/artbench_0264_expressionism.jpg,expressionism,an expressionism painting,264
images/artbench_0265_expressionism.jpg,expressionism,an expressionism painting,265
images/artbench_0266_expressionism.jpg,expressionism,an expressionism painting,266
images/artbench_0267_expressionism.jpg,expressionism,an expressionism painting,267
images/artbench_0268_expressionism.jpg,expressionism,an expressionism painting,268
images/artbench_0269_expressionism.jpg,expressionism,an expressionism painting,269
images/artbench_0270_expressionism.jpg,expressionism,an expressionism painting,270
images/artbench_0271_expressionism.jpg,expressionism,an expressionism painting,271
images/artbench_0272_expressionism.jpg,expressionism,an expressionism painting,272
images/artbench_0273_expressionism.jpg,expressionism,an expressionism painting,273
images/artbench_0274_expressionism.jpg,expressionism,an expressionism painting,274
images/artbench_0275_expressionism.jpg,expressionism,an expressionism painting,275
images/artbench_0276_expressionism.jpg,expressionism,an expressionism painting,276
images/artbench_0277_expressionism.jpg,expressionism,an expressionism painting,277
images/artbench_0278_expressionism.jpg,expressionism,an expressionism painting,278
images/artbench_0279_expressionism.jpg,expressionism,an expressionism painting,279
images/artbench_0280_expressionism.jpg,expressionism,an expressionism painting,280
images/artbench_0281_expressionism.jpg,expressionism,an expressionism painting,281
images/artbench_0282_expressionism.jpg,expressionism,an expressionism painting,282
images/artbench_0283_expressionism.jpg,expressionism,an expressionism painting,283
images/artbench_0284_expressionism.jpg,expressionism,an expressionism painting,284
images/artbench_0285_expressionism.jpg,expressionism,an expressionism painting,285
images/artbench_0286_expressionism.jpg,expressionism,an expressionism painting,286
images/artbench_0287_expressionism.jpg,expressionism,an expressionism painting,287
images/artbench_0288_expressionism.jpg,expressionism,an expressionism painting,288
images/artbench_0289_expressionism.jpg,expressionism,an expressionism painting,289
images/artbench_0290_expressionism.jpg,expressionism,an expressionism painting,290
images/artbench_0291_expressionism.jpg,expressionism,an expressionism painting,291
images/artbench_0292_expressionism.jpg,expressionism,an expressionism painting,292
images/artbench_0293_expressionism.jpg,expressionism,an expressionism painting,293
images/artbench_0294_expressionism.jpg,expressionism,an expressionism painting,294
images/artbench_0295_expressionism.jpg,expressionism,an expressionism painting,295
images/artbench_0296_expressionism.jpg,expressionism,an expressionism painting,296
images/artbench_0297_expressionism.jpg,expressionism,an expressionism painting,297
images/artbench_0298_expressionism.jpg,expressionism,an expressionism painting,298
images/artbench_0299_expressionism.jpg,expressionism,an expressionism painting,299
images/artbench_0300_art_nouveau.jpg,art_nouveau,an art-nouveau painting,300
images/artbench_0301_art_nouveau.jpg,art_nouveau,an art-nouveau painting,301
images/artbench_0302_art_nouveau.jpg,art_nouveau,an art-nouveau painting,302
images/artbench_0303_art_nouveau.jpg,art_nouveau,an art-nouveau painting,303
images/artbench_0304_art_nouveau.jpg,art_nouveau,an art-nouveau painting,304
images/artbench_0305_art_nouveau.jpg,art_nouveau,an art-nouveau painting,305
images/artbench_0306_art_nouveau.jpg,art_nouveau,an art-nouveau painting,306
images/artbench_0307_art_nouveau.jpg,art_nouveau,an art-nouveau painting,307
images/artbench_0308_art_nouveau.jpg,art_nouveau,an art-nouveau painting,308
images/artbench_0309_art_nouveau.jpg,art_nouveau,an art-nouveau painting,309
images/artbench_0310_art_nouveau.jpg,art_nouveau,an art-nouveau painting,310
images/artbench_0311_art_nouveau.jpg,art_nouveau,an art-nouveau painting,311
images/artbench_0312_art_nouveau.jpg,art_nouveau,an art-nouveau painting,312
images/artbench_0313_art_nouveau.jpg,art_nouveau,an art-nouveau painting,313
images/artbench_0314_art_nouveau.jpg,art_nouveau,an art-nouveau painting,314
images/artbench_0315_art_nouveau.jpg,art_nouveau,an art-nouveau painting,315
images/artbench_0316_art_nouveau.jpg,art_nouveau,an art-nouveau painting,316
images/artbench_0317_art_nouveau.jpg,art_nouveau,an art-nouveau painting,317
images/artbench_0318_art_nouveau.jpg,art_nouveau,an art-nouveau painting,318
images/artbench_0319_art_nouveau.jpg,art_nouveau,an art-nouveau painting,319
images/artbench_0320_art_nouveau.jpg,art_nouveau,an art-nouveau painting,320
images/artbench_0321_art_nouveau.jpg,art_nouveau,an art-nouveau painting,321
images/artbench_0322_art_nouveau.jpg,art_nouveau,an art-nouveau painting,322
images/artbench_0323_art_nouveau.jpg,art_nouveau,an art-nouveau painting,323
images/artbench_0324_art_nouveau.jpg,art_nouveau,an art-nouveau painting,324
images/artbench_0325_art_nouveau.jpg,art_nouveau,an art-nouveau painting,325
images/artbench_0326_art_nouveau.jpg,art_nouveau,an art-nouveau painting,326
images/artbench_0327_art_nouveau.jpg,art_nouveau,an art-nouveau painting,327
images/artbench_0328_art_nouveau.jpg,art_nouveau,an art-nouveau painting,328
images/artbench_0329_art_nouveau.jpg,art_nouveau,an art-nouveau painting,329
images/artbench_0330_art_nouveau.jpg,art_nouveau,an art-nouveau painting,330
images/artbench_0331_art_nouveau.jpg,art_nouveau,an art-nouveau painting,331
images/artbench_0332_art_nouveau.jpg,art_nouveau,an art-nouveau painting,332
images/artbench_0333_art_nouveau.jpg,art_nouveau,an art-nouveau painting,333
images/artbench_0334_art_nouveau.jpg,art_nouveau,an art-nouveau painting,334
images/artbench_0335_art_nouveau.jpg,art_nouveau,an art-nouveau painting,335
images/artbench_0336_art_nouveau.jpg,art_nouveau,an art-nouveau painting,336
images/artbench_0337_art_nouveau.jpg,art_nouveau,an art-nouveau painting,337
images/artbench_0338_art_nouveau.jpg,art_nouveau,an art-nouveau painting,338
images/artbench_0339_art_nouveau.jpg,art_nouveau,an art-nouveau painting,339
images/artbench_0340_art_nouveau.jpg,art_nouveau,an art-nouveau painting,340
images/artbench_0341_art_nouveau.jpg,art_nouveau,an art-nouveau painting,341
images/artbench_0342_art_nouveau.jpg,art_nouveau,an art-nouveau painting,342
images/artbench_0343_art_nouveau.jpg,art_nouveau,an art-nouveau painting,343
images/artbench_0344_art_nouveau.jpg,art_nouveau,an art-nouveau painting,344
images/artbench_0345_art_nouveau.jpg,art_nouveau,an art-nouveau painting,345
images/artbench_0346_art_nouveau.jpg,art_nouveau,an art-nouveau painting,346
images/artbench_0347_art_nouveau.jpg,art_nouveau,an art-nouveau painting,347
images/artbench_0348_art_nouveau.jpg,art_nouveau,an art-nouveau painting,348
images/artbench_0349_art_nouveau.jpg,art_nouveau,an art-nouveau painting,349
images/artbench_0350_art_nouveau.jpg,art_nouveau,an art-nouveau painting,350
images/artbench_0351_art_nouveau.jpg,art_nouveau,an art-nouveau painting,351
images/artbench_0352_art_nouveau.jpg,art_nouveau,an art-nouveau painting,352
images/artbench_0353_art_nouveau.jpg,art_nouveau,an art-nouveau painting,353
images/artbench_0354_art_nouveau.jpg,art_nouveau,an art-nouveau painting,354
images/artbench_0355_art_nouveau.jpg,art_nouveau,an art-nouveau painting,355
images/artbench_0356_art_nouveau.jpg,art_nouveau,an art-nouveau painting,356
images/artbench_0357_art_nouveau.jpg,art_nouveau,an art-nouveau painting,357
images/artbench_0358_art_nouveau.jpg,art_nouveau,an art-nouveau painting,358
images/artbench_0359_art_nouveau.jpg,art_nouveau,an art-nouveau painting,359
images/artbench_0360_art_nouveau.jpg,art_nouveau,an art-nouveau painting,360
images/artbench_0361_art_nouveau.jpg,art_nouveau,an art-nouveau painting,361
images/artbench_0362_art_nouveau.jpg,art_nouveau,an art-nouveau painting,362
images/artbench_0363_art_nouveau.jpg,art_nouveau,an art-nouveau painting,363
images/artbench_0364_art_nouveau.jpg,art_nouveau,an art-nouveau painting,364
images/artbench_0365_art_nouveau.jpg,art_nouveau,an art-nouveau painting,365
images/artbench_0366_art_nouveau.jpg,art_nouveau,an art-nouveau painting,366
images/artbench_0367_art_nouveau.jpg,art_nouveau,an art-nouveau painting,367
images/artbench_0368_art_nouveau.jpg,art_nouveau,an art-nouveau painting,368
images/artbench_0369_art_nouveau.jpg,art_nouveau,an art-nouveau painting,369
images/artbench_0370_art_nouveau.jpg,art_nouveau,an art-nouveau painting,370
images/artbench_0371_art_nouveau.jpg,art_nouveau,an art-nouveau painting,371
images/artbench_0372_art_nouveau.jpg,art_nouveau,an art-nouveau painting,372
images/artbench_0373_art_nouveau.jpg,art_nouveau,an art-nouveau painting,373
images/artbench_0374_art_nouveau.jpg,art_nouveau,an art-nouveau painting,374
images/artbench_0375_art_nouveau.jpg,art_nouveau,an art-nouveau painting,375
images/artbench_0376_art_nouveau.jpg,art_nouveau,an art-nouveau painting,376
images/artbench_0377_art_nouveau.jpg,art_nouveau,an art-nouveau painting,377
images/artbench_0378_art_nouveau.jpg,art_nouveau,an art-nouveau painting,378
images/artbench_0379_art_nouveau.jpg,art_nouveau,an art-nouveau painting,379
images/artbench_0380_art_nouveau.jpg,art_nouveau,an art-nouveau painting,380
images/artbench_0381_art_nouveau.jpg,art_nouveau,an art-nouveau painting,381
images/artbench_0382_art_nouveau.jpg,art_nouveau,an art-nouveau painting,382
images/artbench_0383_art_nouveau.jpg,art_nouveau,an art-nouveau painting,383
images/artbench_0384_art_nouveau.jpg,art_nouveau,an art-nouveau painting,384
images/artbench_0385_art_nouveau.jpg,art_nouveau,an art-nouveau painting,385
images/artbench_0386_art_nouveau.jpg,art_nouveau,an art-nouveau painting,386
images/artbench_0387_art_nouveau.jpg,art_nouveau,an art-nouveau painting,387
images/artbench_0388_art_nouveau.jpg,art_nouveau,an art-nouveau painting,388
images/artbench_0389_art_nouveau.jpg,art_nouveau,an art-nouveau painting,389
images/artbench_0390_art_nouveau.jpg,art_nouveau,an art-nouveau painting,390
images/artbench_0391_art_nouveau.jpg,art_nouveau,an art-nouveau painting,391
images/artbench_0392_art_nouveau.jpg,art_nouveau,an art-nouveau painting,392
images/artbench_0393_art_nouveau.jpg,art_nouveau,an art-nouveau painting,393
images/artbench_0394_art_nouveau.jpg,art_nouveau,an art-nouveau painting,394
images/artbench_0395_art_nouveau.jpg,art_nouveau,an art-nouveau painting,395
images/artbench_0396_art_nouveau.jpg,art_nouveau,an art-nouveau painting,396
images/artbench_0397_art_nouveau.jpg,art_nouveau,an art-nouveau painting,397
images/artbench_0398_art_nouveau.jpg,art_nouveau,an art-nouveau painting,398
images/artbench_0399_art_nouveau.jpg,art_nouveau,an art-nouveau painting,399
images/artbench_0400_renaissance.jpg,renaissance,a renaissance painting,400
images/artbench_0401_renaissance.jpg,renaissance,a renaissance painting,401
images/artbench_0402_renaissance.jpg,renaissance,a renaissance painting,402
images/artbench_0403_renaissance.jpg,renaissance,a renaissance painting,403
images/artbench_0404_renaissance.jpg,renaissance,a renaissance painting,404
images/artbench_0405_renaissance.jpg,renaissance,a renaissance painting,405
images/artbench_0406_renaissance.jpg,renaissance,a renaissance painting,406
images/artbench_0407_renaissance.jpg,renaissance,a renaissance painting,407
images/artbench_0408_renaissance.jpg,renaissance,a renaissance painting,408
images/artbench_0409_renaissance.jpg,renaissance,a renaissance painting,409
images/artbench_0410_renaissance.jpg,renaissance,a renaissance painting,410
images/artbench_0411_renaissance.jpg,renaissance,a renaissance painting,411
images/artbench_0412_renaissance.jpg,renaissance,a renaissance painting,412
images/artbench_0413_renaissance.jpg,renaissance,a renaissance painting,413
images/artbench_0414_renaissance.jpg,renaissance,a renaissance painting,414
images/artbench_0415_renaissance.jpg,renaissance,a renaissance painting,415
images/artbench_0416_renaissance.jpg,renaissance,a renaissance painting,416
images/artbench_0417_renaissance.jpg,renaissance,a renaissance painting,417
images/artbench_0418_renaissance.jpg,renaissance,a renaissance painting,418
images/artbench_0419_renaissance.jpg,renaissance,a renaissance painting,419
images/artbench_0420_renaissance.jpg,renaissance,a renaissance painting,420
images/artbench_0421_renaissance.jpg,renaissance,a renaissance painting,421
images/artbench_0422_renaissance.jpg,renaissance,a renaissance painting,422
images/artbench_0423_renaissance.jpg,renaissance,a renaissance painting,423
images/artbench_0424_renaissance.jpg,renaissance,a renaissance painting,424
images/artbench_0425_renaissance.jpg,renaissance,a renaissance painting,425
images/artbench_0426_renaissance.jpg,renaissance,a renaissance painting,426
images/artbench_0427_renaissance.jpg,renaissance,a renaissance painting,427
images/artbench_0428_renaissance.jpg,renaissance,a renaissance painting,428
images/artbench_0429_renaissance.jpg,renaissance,a renaissance painting,429
images/artbench_0430_renaissance.jpg,renaissance,a renaissance painting,430
images/artbench_0431_renaissance.jpg,renaissance,a renaissance painting,431
images/artbench_0432_renaissance.jpg,renaissance,a renaissance painting,432
images/artbench_0433_renaissance.jpg,renaissance,a renaissance painting,433
images/artbench_0434_renaissance.jpg,renaissance,a renaissance painting,434
images/artbench_0435_renaissance.jpg,renaissance,a renaissance painting,435
images/artbench_0436_renaissance.jpg,renaissance,a renaissance painting,436
images/artbench_0437_renaissance.jpg,renaissance,a renaissance painting,437
images/artbench_0438_renaissance.jpg,renaissance,a renaissance painting,438
images/artbench_0439_renaissance.jpg,renaissance,a renaissance painting,439
images/artbench_0440_renaissance.jpg,renaissance,a renaissance painting,440
images/artbench_0441_renaissance.jpg,renaissance,a renaissance painting,441
images/artbench_0442_renaissance.jpg,renaissance,a renaissance painting,442
images/artbench_0443_renaissance.jpg,renaissance,a renaissance painting,443
images/artbench_0444_renaissance.jpg,renaissance,a renaissance painting,444
images/artbench_0445_renaissance.jpg,renaissance,a renaissance painting,445
images/artbench_0446_renaissance.jpg,renaissance,a renaissance painting,446
images/artbench_0447_renaissance.jpg,renaissance,a renaissance painting,447
images/artbench_0448_renaissance.jpg,renaissance,a renaissance painting,448
images/artbench_0449_renaissance.jpg,renaissance,a renaissance painting,449
images/artbench_0450_renaissance.jpg,renaissance,a renaissance painting,450
images/artbench_0451_renaissance.jpg,renaissance,a renaissance painting,451
images/artbench_0452_renaissance.jpg,renaissance,a renaissance painting,452
images/artbench_0453_renaissance.jpg,renaissance,a renaissance painting,453
images/artbench_0454_renaissance.jpg,renaissance,a renaissance painting,454
images/artbench_0455_renaissance.jpg,renaissance,a renaissance painting,455
images/artbench_0456_renaissance.jpg,renaissance,a renaissance painting,456
images/artbench_0457_renaissance.jpg,renaissance,a renaissance painting,457
images/artbench_0458_renaissance.jpg,renaissance,a renaissance painting,458
images/artbench_0459_renaissance.jpg,renaissance,a renaissance painting,459
images/artbench_0460_renaissance.jpg,renaissance,a renaissance painting,460
images/artbench_0461_renaissance.jpg,renaissance,a renaissance painting,461
images/artbench_0462_renaissance.jpg,renaissance,a renaissance painting,462
images/artbench_0463_renaissance.jpg,renaissance,a renaissance painting,463
images/artbench_0464_renaissance.jpg,renaissance,a renaissance painting,464
images/artbench_0465_renaissance.jpg,renaissance,a renaissance painting,465
images/artbench_0466_renaissance.jpg,renaissance,a renaissance painting,466
images/artbench_0467_renaissance.jpg,renaissance,a renaissance painting,467
images/artbench_0468_renaissance.jpg,renaissance,a renaissance painting,468
images/artbench_0469_renaissance.jpg,renaissance,a renaissance painting,469
images/artbench_0470_renaissance.jpg,renaissance,a renaissance painting,470
images/artbench_0471_renaissance.jpg,renaissance,a renaissance painting,471
images/artbench_0472_renaissance.jpg,renaissance,a renaissance painting,472
images/artbench_0473_renaissance.jpg,renaissance,a renaissance painting,473
images/artbench_0474_renaissance.jpg,renaissance,a renaissance painting,474
images/artbench_0475_renaissance.jpg,renaissance,a renaissance painting,475
images/artbench_0476_renaissance.jpg,renaissance,a renaissance painting,476
images/artbench_0477_renaissance.jpg,renaissance,a renaissance painting,477
images/artbench_0478_renaissance.jpg,renaissance,a renaissance painting,478
images/artbench_0479_renaissance.jpg,renaissance,a renaissance painting,479
images/artbench_0480_renaissance.jpg,renaissance,a renaissance painting,480
images/artbench_0481_renaissance.jpg,renaissance,a renaissance painting,481
images/artbench_0482_renaissance.jpg,renaissance,a renaissance painting,482
images/artbench_0483_renaissance.jpg,renaissance,a renaissance painting,483
images/artbench_0484_renaissance.jpg,renaissance,a renaissance painting,484
images/artbench_0485_renaissance.jpg,renaissance,a renaissance painting,485
images/artbench_0486_renaissance.jpg,renaissance,a renaissance painting,486
images/artbench_0487_renaissance.jpg,renaissance,a renaissance painting,487
images/artbench_0488_renaissance.jpg,renaissance,a renaissance painting,488
images/artbench_0489_renaissance.jpg,renaissance,a renaissance painting,489
images/artbench_0490_renaissance.jpg,renaissance,a renaissance painting,490
images/artbench_0491_renaissance.jpg,renaissance,a renaissance painting,491
images/artbench_0492_renaissance.jpg,renaissance,a renaissance painting,492
images/artbench_0493_renaissance.jpg,renaissance,a renaissance painting,493
images/artbench_0494_renaissance.jpg,renaissance,a renaissance painting,494
images/artbench_0495_renaissance.jpg,renaissance,a renaissance painting,495
images/artbench_0496_renaissance.jpg,renaissance,a renaissance painting,496
images/artbench_0497_renaissance.jpg,renaissance,a renaissance painting,497
images/artbench_0498_renaissance.jpg,renaissance,a renaissance painting,498
images/artbench_0499_renaissance.jpg,renaissance,a renaissance painting,499
images/artbench_0500_realism.jpg,realism,a realism painting,500
images/artbench_0501_realism.jpg,realism,a realism painting,501
images/artbench_0502_realism.jpg,realism,a realism painting,502
images/artbench_0503_realism.jpg,realism,a realism painting,503
images/artbench_0504_realism.jpg,realism,a realism painting,504
images/artbench_0505_realism.jpg,realism,a realism painting,505
images/artbench_0506_realism.jpg,realism,a realism painting,506
images/artbench_0507_realism.jpg,realism,a realism painting,507
images/artbench_0508_realism.jpg,realism,a realism painting,508
images/artbench_0509_realism.jpg,realism,a realism painting,509
images/artbench_0510_realism.jpg,realism,a realism painting,510
images/artbench_0511_realism.jpg,realism,a realism painting,511
images/artbench_0512_realism.jpg,realism,a realism painting,512
images/artbench_0513_realism.jpg,realism,a realism painting,513
images/artbench_0514_realism.jpg,realism,a realism painting,514
images/artbench_0515_realism.jpg,realism,a realism painting,515
images/artbench_0516_realism.jpg,realism,a realism painting,516
images/artbench_0517_realism.jpg,realism,a realism painting,517
images/artbench_0518_realism.jpg,realism,a realism painting,518
images/artbench_0519_realism.jpg,realism,a realism painting,519
images/artbench_0520_realism.jpg,realism,a realism painting,520
images/artbench_0521_realism.jpg,realism,a realism painting,521
images/artbench_0522_realism.jpg,realism,a realism painting,522
images/artbench_0523_realism.jpg,realism,a realism painting,523
images/artbench_0524_realism.jpg,realism,a realism painting,524
images/artbench_0525_realism.jpg,realism,a realism painting,525
images/artbench_0526_realism.jpg,realism,a realism painting,526
images/artbench_0527_realism.jpg,realism,a realism painting,527
images/artbench_0528_realism.jpg,realism,a realism painting,528
images/artbench_0529_realism.jpg,realism,a realism painting,529
images/artbench_0530_realism.jpg,realism,a realism painting,530
images/artbench_0531_realism.jpg,realism,a realism painting,531
images/artbench_0532_realism.jpg,realism,a realism painting,532
images/artbench_0533_realism.jpg,realism,a realism painting,533
images/artbench_0534_realism.jpg,realism,a realism painting,534
images/artbench_0535_realism.jpg,realism,a realism painting,535
images/artbench_0536_realism.jpg,realism,a realism painting,536
images/artbench_0537_realism.jpg,realism,a realism painting,537
images/artbench_0538_realism.jpg,realism,a realism painting,538
images/artbench_0539_realism.jpg,realism,a realism painting,539
images/artbench_0540_realism.jpg,realism,a realism painting,540
images/artbench_0541_realism.jpg,realism,a realism painting,541
images/artbench_0542_realism.jpg,realism,a realism painting,542
images/artbench_0543_realism.jpg,realism,a realism painting,543
images/artbench_0544_realism.jpg,realism,a realism painting,544
images/artbench_0545_realism.jpg,realism,a realism painting,545
images/artbench_0546_realism.jpg,realism,a realism painting,546
images/artbench_0547_realism.jpg,realism,a realism painting,547
images/artbench_0548_realism.jpg,realism,a realism painting,548
images/artbench_0549_realism.jpg,realism,a realism painting,549
images/artbench_0550_realism.jpg,realism,a realism painting,550
images/artbench_0551_realism.jpg,realism,a realism painting,551
images/artbench_0552_realism.jpg,realism,a realism painting,552
images/artbench_0553_realism.jpg,realism,a realism painting,553
images/artbench_0554_realism.jpg,realism,a realism painting,554
images/artbench_0555_realism.jpg,realism,a realism painting,555
images/artbench_0556_realism.jpg,realism,a realism painting,556
images/artbench_0557_realism.jpg,realism,a realism painting,557
images/artbench_0558_realism.jpg,realism,a realism painting,558
images/artbench_0559_realism.jpg,realism,a realism painting,559
images/artbench_0560_realism.jpg,realism,a realism painting,560
images/artbench_0561_realism.jpg,realism,a realism painting,561
images/artbench_0562_realism.jpg,realism,a realism painting,562
images/artbench_0563_realism.jpg,realism,a realism painting,563
images/artbench_0564_realism.jpg,realism,a realism painting,564
images/artbench_0565_realism.jpg,realism,a realism painting,565
images/artbench_0566_realism.jpg,realism,a realism painting,566
images/artbench_0567_realism.jpg,realism,a realism painting,567
images/artbench_0568_realism.jpg,realism,a realism painting,568
images/artbench_0569_realism.jpg,realism,a realism painting,569
images/artbench_0570_realism.jpg,realism,a realism painting,570
images/artbench_0571_realism.jpg,realism,a realism painting,571
images/artbench_0572_realism.jpg,realism,a realism painting,572
images/artbench_0573_realism.jpg,realism,a realism painting,573
images/artbench_0574_realism.jpg,realism,a realism painting,574
images/artbench_0575_realism.jpg,realism,a realism painting,575
images/artbench_0576_realism.jpg,realism,a realism painting,576
images/artbench_0577_realism.jpg,realism,a realism painting,577
images/artbench_0578_realism.jpg,realism,a realism painting,578
images/artbench_0579_realism.jpg,realism,a realism painting,579
images/artbench_0580_realism.jpg,realism,a realism painting,580
images/artbench_0581_realism.jpg,realism,a realism painting,581
images/artbench_0582_realism.jpg,realism,a realism painting,582
images/artbench_0583_realism.jpg,realism,a realism painting,583
images/artbench_0584_realism.jpg,realism,a realism painting,584
images/artbench_0585_realism.jpg,realism,a realism painting,585
images/artbench_0586_realism.jpg,realism,a realism painting,586
images/artbench_0587_realism.jpg,realism,a realism painting,587
images/artbench_0588_realism.jpg,realism,a realism painting,588
images/artbench_0589_realism.jpg,realism,a realism painting,589
images/artbench_0590_realism.jpg,realism,a realism painting,590
images/artbench_0591_realism.jpg,realism,a realism painting,591
images/artbench_0592_realism.jpg,realism,a realism painting,592
images/artbench_0593_realism.jpg,realism,a realism painting,593
images/artbench_0594_realism.jpg,realism,a realism painting,594
images/artbench_0595_realism.jpg,realism,a realism painting,595
images/artbench_0596_realism.jpg,realism,a realism painting,596
images/artbench_0597_realism.jpg,realism,a realism painting,597
images/artbench_0598_realism.jpg,realism,a realism painting,598
images/artbench_0599_realism.jpg,realism,a realism painting,599
images/artbench_0600_romanticism.jpg,romanticism,a romanticism painting,600
images/artbench_0601_romanticism.jpg,romanticism,a romanticism painting,601
images/artbench_0602_romanticism.jpg,romanticism,a romanticism painting,602
images/artbench_0603_romanticism.jpg,romanticism,a romanticism painting,603
images/artbench_0604_romanticism.jpg,romanticism,a romanticism painting,604
images/artbench_0605_romanticism.jpg,romanticism,a romanticism painting,605
images/artbench_0606_romanticism.jpg,romanticism,a romanticism painting,606
images/artbench_0607_romanticism.jpg,romanticism,a romanticism painting,607
images/artbench_0608_romanticism.jpg,romanticism,a romanticism painting,608
images/artbench_0609_romanticism.jpg,romanticism,a romanticism painting,609
images/artbench_0610_romanticism.jpg,romanticism,a romanticism painting,610
images/artbench_0611_romanticism.jpg,romanticism,a romanticism painting,611
images/artbench_0612_romanticism.jpg,romanticism,a romanticism painting,612
images/artbench_0613_romanticism.jpg,romanticism,a romanticism painting,613
images/artbench_0614_romanticism.jpg,romanticism,a romanticism painting,614
images/artbench_0615_romanticism.jpg,romanticism,a romanticism painting,615
images/artbench_0616_romanticism.jpg,romanticism,a romanticism painting,616
images/artbench_0617_romanticism.jpg,romanticism,a romanticism painting,617
images/artbench_0618_romanticism.jpg,romanticism,a romanticism painting,618
images/artbench_0619_romanticism.jpg,romanticism,a romanticism painting,619
images/artbench_0620_romanticism.jpg,romanticism,a romanticism painting,620
images/artbench_0621_romanticism.jpg,romanticism,a romanticism painting,621
images/artbench_0622_romanticism.jpg,romanticism,a romanticism painting,622
images/artbench_0623_romanticism.jpg,romanticism,a romanticism painting,623
images/artbench_0624_romanticism.jpg,romanticism,a romanticism painting,624
images/artbench_0625_romanticism.jpg,romanticism,a romanticism painting,625
images/artbench_0626_romanticism.jpg,romanticism,a romanticism painting,626
images/artbench_0627_romanticism.jpg,romanticism,a romanticism painting,627
images/artbench_0628_romanticism.jpg,romanticism,a romanticism painting,628
images/artbench_0629_romanticism.jpg,romanticism,a romanticism painting,629
images/artbench_0630_romanticism.jpg,romanticism,a romanticism painting,630
images/artbench_0631_romanticism.jpg,romanticism,a romanticism painting,631
images/artbench_0632_romanticism.jpg,romanticism,a romanticism painting,632
images/artbench_0633_romanticism.jpg,romanticism,a romanticism painting,633
images/artbench_0634_romanticism.jpg,romanticism,a romanticism painting,634
images/artbench_0635_romanticism.jpg,romanticism,a romanticism painting,635
images/artbench_0636_romanticism.jpg,romanticism,a romanticism painting,636
images/artbench_0637_romanticism.jpg,romanticism,a romanticism painting,637
images/artbench_0638_romanticism.jpg,romanticism,a romanticism painting,638
images/artbench_0639_romanticism.jpg,romanticism,a romanticism painting,639
images/artbench_0640_romanticism.jpg,romanticism,a romanticism painting,640
images/artbench_0641_romanticism.jpg,romanticism,a romanticism painting,641
images/artbench_0642_romanticism.jpg,romanticism,a romanticism painting,642
images/artbench_0643_romanticism.jpg,romanticism,a romanticism painting,643
images/artbench_0644_romanticism.jpg,romanticism,a romanticism painting,644
images/artbench_0645_romanticism.jpg,romanticism,a romanticism painting,645
images/artbench_0646_romanticism.jpg,romanticism,a romanticism painting,646
images/artbench_0647_romanticism.jpg,romanticism,a romanticism painting,647
images/artbench_0648_romanticism.jpg,romanticism,a romanticism painting,648
images/artbench_0649_romanticism.jpg,romanticism,a romanticism painting,649
images/artbench_0650_romanticism.jpg,romanticism,a romanticism painting,650
images/artbench_0651_romanticism.jpg,romanticism,a romanticism painting,651
images/artbench_0652_romanticism.jpg,romanticism,a romanticism painting,652
images/artbench_0653_romanticism.jpg,romanticism,a romanticism painting,653
images/artbench_0654_romanticism.jpg,romanticism,a romanticism painting,654
images/artbench_0655_romanticism.jpg,romanticism,a romanticism painting,655
images/artbench_0656_romanticism.jpg,romanticism,a romanticism painting,656
images/artbench_0657_romanticism.jpg,romanticism,a romanticism painting,657
images/artbench_0658_romanticism.jpg,romanticism,a romanticism painting,658
images/artbench_0659_romanticism.jpg,romanticism,a romanticism painting,659
images/artbench_0660_romanticism.jpg,romanticism,a romanticism painting,660
images/artbench_0661_romanticism.jpg,romanticism,a romanticism painting,661
images/artbench_0662_romanticism.jpg,romanticism,a romanticism painting,662
images/artbench_0663_romanticism.jpg,romanticism,a romanticism painting,663
images/artbench_0664_romanticism.jpg,romanticism,a romanticism painting,664
images/artbench_0665_romanticism.jpg,romanticism,a romanticism painting,665
images/artbench_0666_romanticism.jpg,romanticism,a romanticism painting,666
images/artbench_0667_romanticism.jpg,romanticism,a romanticism painting,667
images/artbench_0668_romanticism.jpg,romanticism,a romanticism painting,668
images/artbench_0669_romanticism.jpg,romanticism,a romanticism painting,669
images/artbench_0670_romanticism.jpg,romanticism,a romanticism painting,670
images/artbench_0671_romanticism.jpg,romanticism,a romanticism painting,671
images/artbench_0672_romanticism.jpg,romanticism,a romanticism painting,672
images/artbench_0673_romanticism.jpg,romanticism,a romanticism painting,673
images/artbench_0674_romanticism.jpg,romanticism,a romanticism painting,674
images/artbench_0675_romanticism.jpg,romanticism,a romanticism painting,675
images/artbench_0676_romanticism.jpg,romanticism,a romanticism painting,676
images/artbench_0677_romanticism.jpg,romanticism,a romanticism painting,677
images/artbench_0678_romanticism.jpg,romanticism,a romanticism painting,678
images/artbench_0679_romanticism.jpg,romanticism,a romanticism painting,679
images/artbench_0680_romanticism.jpg,romanticism,a romanticism painting,680
images/artbench_0681_romanticism.jpg,romanticism,a romanticism painting,681
images/artbench_0682_romanticism.jpg,romanticism,a romanticism painting,682
images/artbench_0683_romanticism.jpg,romanticism,a romanticism painting,683
images/artbench_0684_romanticism.jpg,romanticism,a romanticism painting,684
images/artbench_0685_romanticism.jpg,romanticism,a romanticism painting,685
images/artbench_0686_romanticism.jpg,romanticism,a romanticism painting,686
images/artbench_0687_romanticism.jpg,romanticism,a romanticism painting,687
images/artbench_0688_romanticism.jpg,romanticism,a romanticism painting,688
images/artbench_0689_romanticism.jpg,romanticism,a romanticism painting,689
images/artbench_0690_romanticism.jpg,romanticism,a romanticism painting,690
images/artbench_0691_romanticism.jpg,romanticism,a romanticism painting,691
images/artbench_0692_romanticism.jpg,romanticism,a romanticism painting,692
images/artbench_0693_romanticism.jpg,romanticism,a romanticism painting,693
images/artbench_0694_romanticism.jpg,romanticism,a romanticism painting,694
images/artbench_0695_romanticism.jpg,romanticism,a romanticism painting,695
images/artbench_0696_romanticism.jpg,romanticism,a romanticism painting,696
images/artbench_0697_romanticism.jpg,romanticism,a romanticism painting,697
images/artbench_0698_romanticism.jpg,romanticism,a romanticism painting,698
images/artbench_0699_romanticism.jpg,romanticism,a romanticism painting,699
images/artbench_0700_surrealism.jpg,surrealism,a surrealism painting,700
images/artbench_0701_surrealism.jpg,surrealism,a surrealism painting,701
images/artbench_0702_surrealism.jpg,surrealism,a surrealism painting,702
images/artbench_0703_surrealism.jpg,surrealism,a surrealism painting,703
images/artbench_0704_surrealism.jpg,surrealism,a surrealism painting,704
images/artbench_0705_surrealism.jpg,surrealism,a surrealism painting,705
images/artbench_0706_surrealism.jpg,surrealism,a surrealism painting,706
images/artbench_0707_surrealism.jpg,surrealism,a surrealism painting,707
images/artbench_0708_surrealism.jpg,surrealism,a surrealism painting,708
images/artbench_0709_surrealism.jpg,surrealism,a surrealism painting,709
images/artbench_0710_surrealism.jpg,surrealism,a surrealism painting,710
images/artbench_0711_surrealism.jpg,surrealism,a surrealism painting,711
images/artbench_0712_surrealism.jpg,surrealism,a surrealism painting,712
images/artbench_0713_surrealism.jpg,surrealism,a surrealism painting,713
images/artbench_0714_surrealism.jpg,surrealism,a surrealism painting,714
images/artbench_0715_surrealism.jpg,surrealism,a surrealism painting,715
images/artbench_0716_surrealism.jpg,surrealism,a surrealism painting,716
images/artbench_0717_surrealism.jpg,surrealism,a surrealism painting,717
images/artbench_0718_surrealism.jpg,surrealism,a surrealism painting,718
images/artbench_0719_surrealism.jpg,surrealism,a surrealism painting,719
images/artbench_0720_surrealism.jpg,surrealism,a surrealism painting,720
images/artbench_0721_surrealism.jpg,surrealism,a surrealism painting,721
images/artbench_0722_surrealism.jpg,surrealism,a surrealism painting,722
images/artbench_0723_surrealism.jpg,surrealism,a surrealism painting,723
images/artbench_0724_surrealism.jpg,surrealism,a surrealism painting,724
images/artbench_0725_surrealism.jpg,surrealism,a surrealism painting,725
images/artbench_0726_surrealism.jpg,surrealism,a surrealism painting,726
images/artbench_0727_surrealism.jpg,surrealism,a surrealism painting,727
images/artbench_0728_surrealism.jpg,surrealism,a surrealism painting,728
images/artbench_0729_surrealism.jpg,surrealism,a surrealism painting,729
images/artbench_0730_surrealism.jpg,surrealism,a surrealism painting,730
images/artbench_0731_surrealism.jpg,surrealism,a surrealism painting,731
images/artbench_0732_surrealism.jpg,surrealism,a surrealism painting,732
images/artbench_0733_surrealism.jpg,surrealism,a surrealism painting,733
images/artbench_0734_surrealism.jpg,surrealism,a surrealism painting,734
images/artbench_0735_surrealism.jpg,surrealism,a surrealism painting,735
images/artbench_0736_surrealism.jpg,surrealism,a surrealism painting,736
images/artbench_0737_surrealism.jpg,surrealism,a surrealism painting,737
images/artbench_0738_surrealism.jpg,surrealism,a surrealism painting,738
images/artbench_0739_surrealism.jpg,surrealism,a surrealism painting,739
images/artbench_0740_surrealism.jpg,surrealism,a surrealism painting,740
images/artbench_0741_surrealism.jpg,surrealism,a surrealism painting,741
images/artbench_0742_surrealism.jpg,surrealism,a surrealism painting,742
images/artbench_0743_surrealism.jpg,surrealism,a surrealism painting,743
images/artbench_0744_surrealism.jpg,surrealism,a surrealism painting,744
images/artbench_0745_surrealism.jpg,surrealism,a surrealism painting,745
images/artbench_0746_surrealism.jpg,surrealism,a surrealism painting,746
images/artbench_0747_surrealism.jpg,surrealism,a surrealism painting,747
images/artbench_0748_surrealism.jpg,surrealism,a surrealism painting,748
images/artbench_0749_surrealism.jpg,surrealism,a surrealism painting,749
images/artbench_0750_surrealism.jpg,surrealism,a surrealism painting,750
images/artbench_0751_surrealism.jpg,surrealism,a surrealism painting,751
images/artbench_0752_surrealism.jpg,surrealism,a surrealism painting,752
images/artbench_0753_surrealism.jpg,surrealism,a surrealism painting,753
images/artbench_0754_surrealism.jpg,surrealism,a surrealism painting,754
images/artbench_0755_surrealism.jpg,surrealism,a surrealism painting,755
images/artbench_0756_surrealism.jpg,surrealism,a surrealism painting,756
images/artbench_0757_surrealism.jpg,surrealism,a surrealism painting,757
images/artbench_0758_surrealism.jpg,surrealism,a surrealism painting,758
images/artbench_0759_surrealism.jpg,surrealism,a surrealism painting,759
images/artbench_0760_surrealism.jpg,surrealism,a surrealism painting,760
images/artbench_0761_surrealism.jpg,surrealism,a surrealism painting,761
images/artbench_0762_surrealism.jpg,surrealism,a surrealism painting,762
images/artbench_0763_surrealism.jpg,surrealism,a surrealism painting,763
images/artbench_0764_surrealism.jpg,surrealism,a surrealism painting,764
images/artbench_0765_surrealism.jpg,surrealism,a surrealism painting,765
images/artbench_0766_surrealism.jpg,surrealism,a surrealism painting,766
images/artbench_0767_surrealism.jpg,surrealism,a surrealism painting,767
images/artbench_0768_surrealism.jpg,surrealism,a surrealism painting,768
images/artbench_0769_surrealism.jpg,surrealism,a surrealism painting,769
images/artbench_0770_surrealism.jpg,surrealism,a surrealism painting,770
images/artbench_0771_surrealism.jpg,surrealism,a surrealism painting,771
images/artbench_0772_surrealism.jpg,surrealism,a surrealism painting,772
images/artbench_0773_surrealism.jpg,surrealism,a surrealism painting,773
images/artbench_0774_surrealism.jpg,surrealism,a surrealism painting,774
images/artbench_0775_surrealism.jpg,surrealism,a surrealism painting,775
images/artbench_0776_surrealism.jpg,surrealism,a surrealism painting,776
images/artbench_0777_surrealism.jpg,surrealism,a surrealism painting,777
images/artbench_0778_surrealism.jpg,surrealism,a surrealism painting,778
images/artbench_0779_surrealism.jpg,surrealism,a surrealism painting,779
images/artbench_0780_surrealism.jpg,surrealism,a surrealism painting,780
images/artbench_0781_surrealism.jpg,surrealism,a surrealism painting,781
images/artbench_0782_surrealism.jpg,surrealism,a surrealism painting,782
images/artbench_0783_surrealism.jpg,surrealism,a surrealism painting,783
images/artbench_0784_surrealism.jpg,surrealism,a surrealism painting,784
images/artbench_0785_surrealism.jpg,surrealism,a surrealism painting,785
images/artbench_0786_surrealism.jpg,surrealism,a surrealism painting,786
images/artbench_0787_surrealism.jpg,surrealism,a surrealism painting,787
images/artbench_0788_surrealism.jpg,surrealism,a surrealism painting,788
images/artbench_0789_surrealism.jpg,surrealism,a surrealism painting,789
images/artbench_0790_surrealism.jpg,surrealism,a surrealism painting,790
images/artbench_0791_surrealism.jpg,surrealism,a surrealism painting,791
images/artbench_0792_surrealism.jpg,surrealism,a surrealism painting,792
images/artbench_0793_surrealism.jpg,surrealism,a surrealism painting,793
images/artbench_0794_surrealism.jpg,surrealism,a surrealism painting,794
images/artbench_0795_surrealism.jpg,surrealism,a surrealism painting,795
images/artbench_0796_surrealism.jpg,surrealism,a surrealism painting,796
images/artbench_0797_surrealism.jpg,surrealism,a surrealism painting,797
images/artbench_0798_surrealism.jpg,surrealism,a surrealism painting,798
images/artbench_0799_surrealism.jpg,surrealism,a surrealism painting,799
images/artbench_0800_impressionism.jpg,impressionism,an impressionism painting,800
images/artbench_0801_impressionism.jpg,impressionism,an impressionism painting,801
images/artbench_0802_impressionism.jpg,impressionism,an impressionism painting,802
images/artbench_0803_impressionism.jpg,impressionism,an impressionism painting,803
images/artbench_0804_impressionism.jpg,impressionism,an impressionism painting,804
images/artbench_0805_impressionism.jpg,impressionism,an impressionism painting,805
images/artbench_0806_impressionism.jpg,impressionism,an impressionism painting,806
images/artbench_0807_impressionism.jpg,impressionism,an impressionism painting,807
images/artbench_0808_impressionism.jpg,impressionism,an impressionism painting,808
images/artbench_0809_impressionism.jpg,impressionism,an impressionism painting,809
images/artbench_0810_impressionism.jpg,impressionism,an impressionism painting,810
images/artbench_0811_impressionism.jpg,impressionism,an impressionism painting,811
images/artbench_0812_impressionism.jpg,impressionism,an impressionism painting,812
images/artbench_0813_impressionism.jpg,impressionism,an impressionism painting,813
images/artbench_0814_impressionism.jpg,impressionism,an impressionism painting,814
images/artbench_0815_impressionism.jpg,impressionism,an impressionism painting,815
images/artbench_0816_impressionism.jpg,impressionism,an impressionism painting,816
images/artbench_0817_impressionism.jpg,impressionism,an impressionism painting,817
images/artbench_0818_impressionism.jpg,impressionism,an impressionism painting,818
images/artbench_0819_impressionism.jpg,impressionism,an impressionism painting,819
images/artbench_0820_impressionism.jpg,impressionism,an impressionism painting,820
images/artbench_0821_impressionism.jpg,impressionism,an impressionism painting,821
images/artbench_0822_impressionism.jpg,impressionism,an impressionism painting,822
images/artbench_0823_impressionism.jpg,impressionism,an impressionism painting,823
images/artbench_0824_impressionism.jpg,impressionism,an impressionism painting,824
images/artbench_0825_impressionism.jpg,impressionism,an impressionism painting,825
images/artbench_0826_impressionism.jpg,impressionism,an impressionism painting,826
images/artbench_0827_impressionism.jpg,impressionism,an impressionism painting,827
images/artbench_0828_impressionism.jpg,impressionism,an impressionism painting,828
images/artbench_0829_impressionism.jpg,impressionism,an impressionism painting,829
images/artbench_0830_impressionism.jpg,impressionism,an impressionism painting,830
images/artbench_0831_impressionism.jpg,impressionism,an impressionism painting,831
images/artbench_0832_impressionism.jpg,impressionism,an impressionism painting,832
images/artbench_0833_impressionism.jpg,impressionism,an impressionism painting,833
images/artbench_0834_impressionism.jpg,impressionism,an impressionism painting,834
images/artbench_0835_impressionism.jpg,impressionism,an impressionism painting,835
images/artbench_0836_impressionism.jpg,impressionism,an impressionism painting,836
images/artbench_0837_impressionism.jpg,impressionism,an impressionism painting,837
images/artbench_0838_impressionism.jpg,impressionism,an impressionism painting,838
images/artbench_0839_impressionism.jpg,impressionism,an impressionism painting,839
images/artbench_0840_impressionism.jpg,impressionism,an impressionism painting,840
images/artbench_0841_impressionism.jpg,impressionism,an impressionism painting,841
images/artbench_0842_impressionism.jpg,impressionism,an impressionism painting,842
images/artbench_0843_impressionism.jpg,impressionism,an impressionism painting,843
images/artbench_0844_impressionism.jpg,impressionism,an impressionism painting,844
images/artbench_0845_impressionism.jpg,impressionism,an impressionism painting,845
images/artbench_0846_impressionism.jpg,impressionism,an impressionism painting,846
images/artbench_0847_impressionism.jpg,impressionism,an impressionism painting,847
images/artbench_0848_impressionism.jpg,impressionism,an impressionism painting,848
images/artbench_0849_impressionism.jpg,impressionism,an impressionism painting,849
images/artbench_0850_impressionism.jpg,impressionism,an impressionism painting,850
images/artbench_0851_impressionism.jpg,impressionism,an impressionism painting,851
images/artbench_0852_impressionism.jpg,impressionism,an impressionism painting,852
images/artbench_0853_impressionism.jpg,impressionism,an impressionism painting,853
images/artbench_0854_impressionism.jpg,impressionism,an impressionism painting,854
images/artbench_0855_impressionism.jpg,impressionism,an impressionism painting,855
images/artbench_0856_impressionism.jpg,impressionism,an impressionism painting,856
images/artbench_0857_impressionism.jpg,impressionism,an impressionism painting,857
images/artbench_0858_impressionism.jpg,impressionism,an impressionism painting,858
images/artbench_0859_impressionism.jpg,impressionism,an impressionism painting,859
images/artbench_0860_impressionism.jpg,impressionism,an impressionism painting,860
images/artbench_0861_impressionism.jpg,impressionism,an impressionism painting,861
images/artbench_0862_impressionism.jpg,impressionism,an impressionism painting,862
images/artbench_0863_impressionism.jpg,impressionism,an impressionism painting,863
images/artbench_0864_impressionism.jpg,impressionism,an impressionism painting,864
images/artbench_0865_impressionism.jpg,impressionism,an impressionism painting,865
images/artbench_0866_impressionism.jpg,impressionism,an impressionism painting,866
images/artbench_0867_impressionism.jpg,impressionism,an impressionism painting,867
images/artbench_0868_impressionism.jpg,impressionism,an impressionism painting,868
images/artbench_0869_impressionism.jpg,impressionism,an impressionism painting,869
images/artbench_0870_impressionism.jpg,impressionism,an impressionism painting,870
images/artbench_0871_impressionism.jpg,impressionism,an impressionism painting,871
images/artbench_0872_impressionism.jpg,impressionism,an impressionism painting,872
images/artbench_0873_impressionism.jpg,impressionism,an impressionism painting,873
images/artbench_0874_impressionism.jpg,impressionism,an impressionism painting,874
images/artbench_0875_impressionism.jpg,impressionism,an impressionism painting,875
images/artbench_0876_impressionism.jpg,impressionism,an impressionism painting,876
images/artbench_0877_impressionism.jpg,impressionism,an impressionism painting,877
images/artbench_0878_impressionism.jpg,impressionism,an impressionism painting,878
images/artbench_0879_impressionism.jpg,impressionism,an impressionism painting,879
images/artbench_0880_impressionism.jpg,impressionism,an impressionism painting,880
images/artbench_0881_impressionism.jpg,impressionism,an impressionism painting,881
images/artbench_0882_impressionism.jpg,impressionism,an impressionism painting,882
images/artbench_0883_impressionism.jpg,impressionism,an impressionism painting,883
images/artbench_0884_impressionism.jpg,impressionism,an impressionism painting,884
images/artbench_0885_impressionism.jpg,impressionism,an impressionism painting,885
images/artbench_0886_impressionism.jpg,impressionism,an impressionism painting,886
images/artbench_0887_impressionism.jpg,impressionism,an impressionism painting,887
images/artbench_0888_impressionism.jpg,impressionism,an impressionism painting,888
images/artbench_0889_impressionism.jpg,impressionism,an impressionism painting,889
images/artbench_0890_impressionism.jpg,impressionism,an impressionism painting,890
images/artbench_0891_impressionism.jpg,impressionism,an impressionism painting,891
images/artbench_0892_impressionism.jpg,impressionism,an impressionism painting,892
images/artbench_0893_impressionism.jpg,impressionism,an impressionism painting,893
images/artbench_0894_impressionism.jpg,impressionism,an impressionism painting,894
images/artbench_0895_impressionism.jpg,impressionism,an impressionism painting,895
images/artbench_0896_impressionism.jpg,impressionism,an impressionism painting,896
images/artbench_0897_impressionism.jpg,impressionism,an impressionism painting,897
images/artbench_0898_impressionism.jpg,impressionism,an impressionism painting,898
images/artbench_0899_impressionism.jpg,impressionism,an impressionism painting,899
images/artbench_0900_baroque.jpg,baroque,a baroque painting,900
images/artbench_0901_baroque.jpg,baroque,a baroque painting,901
images/artbench_0902_baroque.jpg,baroque,a baroque painting,902
images/artbench_0903_baroque.jpg,baroque,a baroque painting,903
images/artbench_0904_baroque.jpg,baroque,a baroque painting,904
images/artbench_0905_baroque.jpg,baroque,a baroque painting,905
images/artbench_0906_baroque.jpg,baroque,a baroque painting,906
images/artbench_0907_baroque.jpg,baroque,a baroque painting,907
images/artbench_0908_baroque.jpg,baroque,a baroque painting,908
images/artbench_0909_baroque.jpg,baroque,a baroque painting,909
images/artbench_0910_baroque.jpg,baroque,a baroque painting,910
images/artbench_0911_baroque.jpg,baroque,a baroque painting,911
images/artbench_0912_baroque.jpg,baroque,a baroque painting,912
images/artbench_0913_baroque.jpg,baroque,a baroque painting,913
images/artbench_0914_baroque.jpg,baroque,a baroque painting,914
images/artbench_0915_baroque.jpg,baroque,a baroque painting,915
images/artbench_0916_baroque.jpg,baroque,a baroque painting,916
images/artbench_0917_baroque.jpg,baroque,a baroque painting,917
images/artbench_0918_baroque.jpg,baroque,a baroque painting,918
images/artbench_0919_baroque.jpg,baroque,a baroque painting,919
images/artbench_0920_baroque.jpg,baroque,a baroque painting,920
images/artbench_0921_baroque.jpg,baroque,a baroque painting,921
images/artbench_0922_baroque.jpg,baroque,a baroque painting,922
images/artbench_0923_baroque.jpg,baroque,a baroque painting,923
images/artbench_0924_baroque.jpg,baroque,a baroque painting,924
images/artbench_0925_baroque.jpg,baroque,a baroque painting,925
images/artbench_0926_baroque.jpg,baroque,a baroque painting,926
images/artbench_0927_baroque.jpg,baroque,a baroque painting,927
images/artbench_0928_baroque.jpg,baroque,a baroque painting,928
images/artbench_0929_baroque.jpg,baroque,a baroque painting,929
images/artbench_0930_baroque.jpg,baroque,a baroque painting,930
images/artbench_0931_baroque.jpg,baroque,a baroque painting,931
images/artbench_0932_baroque.jpg,baroque,a baroque painting,932
images/artbench_0933_baroque.jpg,baroque,a baroque painting,933
images/artbench_0934_baroque.jpg,baroque,a baroque painting,934
images/artbench_0935_baroque.jpg,baroque,a baroque painting,935
images/artbench_0936_baroque.jpg,baroque,a baroque painting,936
images/artbench_0937_baroque.jpg,baroque,a baroque painting,937
images/artbench_0938_baroque.jpg,baroque,a baroque painting,938
images/artbench_0939_baroque.jpg,baroque,a baroque painting,939
images/artbench_0940_baroque.jpg,baroque,a baroque painting,940
images/artbench_0941_baroque.jpg,baroque,a baroque painting,941
images/artbench_0942_baroque.jpg,baroque,a baroque painting,942
images/artbench_0943_baroque.jpg,baroque,a baroque painting,943
images/artbench_0944_baroque.jpg,baroque,a baroque painting,944
images/artbench_0945_baroque.jpg,baroque,a baroque painting,945
images/artbench_0946_baroque.jpg,baroque,a baroque painting,946
images/artbench_0947_baroque.jpg,baroque,a baroque painting,947
images/artbench_0948_baroque.jpg,baroque,a baroque painting,948
images/artbench_0949_baroque.jpg,baroque,a baroque painting,949
images/artbench_0950_baroque.jpg,baroque,a baroque painting,950
images/artbench_0951_baroque.jpg,baroque,a baroque painting,951
images/artbench_0952_baroque.jpg,baroque,a baroque painting,952
images/artbench_0953_baroque.jpg,baroque,a baroque painting,953
images/artbench_0954_baroque.jpg,baroque,a baroque painting,954
images/artbench_0955_baroque.jpg,baroque,a baroque painting,955
images/artbench_0956_baroque.jpg,baroque,a baroque painting,956
images/artbench_0957_baroque.jpg,baroque,a baroque painting,957
images/artbench_0958_baroque.jpg,baroque,a baroque painting,958
images/artbench_0959_baroque.jpg,baroque,a baroque painting,959
images/artbench_0960_baroque.jpg,baroque,a baroque painting,960
images/artbench_0961_baroque.jpg,baroque,a baroque painting,961
images/artbench_0962_baroque.jpg,baroque,a baroque painting,962
images/artbench_0963_baroque.jpg,baroque,a baroque painting,963
images/artbench_0964_baroque.jpg,baroque,a baroque painting,964
images/artbench_0965_baroque.jpg,baroque,a baroque painting,965
images/artbench_0966_baroque.jpg,baroque,a baroque painting,966
images/artbench_0967_baroque.jpg,baroque,a baroque painting,967
images/artbench_0968_baroque.jpg,baroque,a baroque painting,968
images/artbench_0969_baroque.jpg,baroque,a baroque painting,969
images/artbench_0970_baroque.jpg,baroque,a baroque painting,970
images/artbench_0971_baroque.jpg,baroque,a baroque painting,971
images/artbench_0972_baroque.jpg,baroque,a baroque painting,972
images/artbench_0973_baroque.jpg,baroque,a baroque painting,973
images/artbench_0974_baroque.jpg,baroque,a baroque painting,974
images/artbench_0975_baroque.jpg,baroque,a baroque painting,975
images/artbench_0976_baroque.jpg,baroque,a baroque painting,976
images/artbench_0977_baroque.jpg,baroque,a baroque painting,977
images/artbench_0978_baroque.jpg,baroque,a baroque painting,978
images/artbench_0979_baroque.jpg,baroque,a baroque painting,979
images/artbench_0980_baroque.jpg,baroque,a baroque painting,980
images/artbench_0981_baroque.jpg,baroque,a baroque painting,981
images/artbench_0982_baroque.jpg,baroque,a baroque painting,982
images/artbench_0983_baroque.jpg,baroque,a baroque painting,983
images/artbench_0984_baroque.jpg,baroque,a baroque painting,984
images/artbench_0985_baroque.jpg,baroque,a baroque painting,985
images/artbench_0986_baroque.jpg,baroque,a baroque painting,986
images/artbench_0987_baroque.jpg,baroque,a baroque painting,987
images/artbench_0988_baroque.jpg,baroque,a baroque painting,988
images/artbench_0989_baroque.jpg,baroque,a baroque painting,989
images/artbench_0990_baroque.jpg,baroque,a baroque painting,990
images/artbench_0991_baroque.jpg,baroque,a baroque painting,991
images/artbench_0992_baroque.jpg,baroque,a baroque painting,992
images/artbench_0993_baroque.jpg,baroque,a baroque painting,993
images/artbench_0994_baroque.jpg,baroque,a baroque painting,994
images/artbench_0995_baroque.jpg,baroque,a baroque painting,995
images/artbench_0996_baroque.jpg,baroque,a baroque painting,996
images/artbench_0997_baroque.jpg,baroque,a baroque painting,997
images/artbench_0998_baroque.jpg,baroque,a baroque painting,998
images/artbench_0999_baroque.jpg,baroque,a baroque painting,999
